# Order-5 laws proved to imply Equation 2, i.e. admitting only trivial models.
# Extracted from teorth/equational_theories fork vlad902/equational_theories,
# branch order5, equational_theories/Generated/Order5/Eq2Proof{1..20}.lean, by
# collecting every `EquationN_implies_Equation2` theorem name. Fetched
# 2026-08-29.
#
# 19,392 ids, matching the count in blueprint chapter "Order 5 Austin laws"
# exactly. Ids index data/etp/eq_size5.txt by line, as in order5_open.txt; the
# range is 4900..41528 and none is <= 4694, both consistent with the chapter
# counting equations of order exactly 5.
#
# No nontrivial finite magma may satisfy any of these, so the whole list is an
# oracle for the order-5 sweep. `pm order5` checks it on every run.
4900
4903
4905
4906
4907
4910
4913
4915
4917
4919
4920
4921
4923
4924
4925
4927
4928
4929
4931
4932
4933
4934
4937
4940
4942
4943
4944
4947
4950
4953
4954
4956
4958
4960
4962
4965
4966
4968
4969
4970
4971
4973
4974
4975
4977
4978
4979
4981
4982
4983
4985
4986
4987
4988
4990
4991
4992
4994
4995
4996
4998
5000
5002
5003
5004
5005
5007
5008
5009
5013
5016
5017
5019
5020
5021
5022
5024
5025
5026
5027
5029
5030
5031
5032
5034
5035
5036
5037
5039
5040
5041
5042
5044
5045
5046
5047
5048
5051
5054
5056
5057
5058
5061
5064
5067
5068
5070
5072
5074
5075
5076
5078
5079
5080
5082
5083
5084
5085
5088
5091
5094
5095
5098
5100
5101
5103
5104
5105
5109
5111
5112
5113
5115
5116
5117
5119
5120
5121
5122
5124
5125
5126
5128
5130
5134
5136
5137
5138
5139
5143
5145
5146
5147
5149
5150
5151
5153
5154
5155
5156
5158
5159
5160
5162
5163
5164
5166
5167
5168
5170
5171
5172
5173
5175
5176
5177
5178
5180
5181
5182
5183
5185
5186
5187
5188
5190
5191
5192
5193
5195
5196
5197
5198
5199
5201
5202
5203
5205
5206
5207
5210
5211
5213
5214
5215
5216
5218
5220
5222
5224
5226
5227
5228
5230
5231
5232
5233
5235
5236
5237
5240
5241
5244
5245
5247
5248
5249
5250
5252
5253
5254
5255
5257
5258
5259
5260
5262
5263
5264
5265
5267
5268
5269
5270
5272
5273
5274
5275
5276
5278
5280
5282
5284
5288
5290
5291
5292
5293
5297
5299
5300
5301
5303
5304
5305
5307
5308
5309
5310
5312
5313
5314
5316
5317
5318
5320
5321
5322
5324
5325
5326
5327
5329
5330
5331
5332
5334
5335
5336
5337
5339
5340
5341
5342
5344
5345
5346
5347
5349
5350
5351
5352
5353
5355
5356
5357
5360
5361
5364
5365
5367
5368
5369
5370
5372
5374
5376
5377
5378
5380
5381
5382
5384
5385
5386
5387
5390
5391
5393
5394
5395
5397
5398
5399
5401
5402
5403
5404
5406
5407
5408
5409
5411
5412
5413
5414
5416
5417
5418
5419
5421
5422
5423
5424
5426
5427
5428
5429
5430
5432
5433
5434
5435
5437
5438
5439
5440
5442
5443
5444
5445
5447
5448
5449
5450
5452
5453
5454
5455
5456
5458
5459
5460
5461
5463
5464
5465
5466
5468
5469
5470
5471
5473
5474
5475
5476
5478
5479
5480
5481
5482
5484
5485
5486
5487
5489
5490
5491
5492
5494
5495
5496
5497
5499
5500
5501
5502
5504
5505
5506
5507
5508
5510
5511
5512
5513
5515
5516
5517
5518
5520
5521
5522
5523
5525
5526
5527
5528
5530
5531
5532
5533
5534
5536
5537
5538
5539
5540
5542
5543
5544
5545
5546
5548
5549
5550
5551
5552
5554
5555
5556
5557
5558
5560
5561
5562
5563
5564
5566
5567
5568
5569
5570
5571
5777
5780
5782
5783
5784
5787
5790
5792
5794
5796
5797
5798
5800
5801
5802
5805
5806
5808
5809
5810
5811
5814
5817
5819
5821
5824
5827
5829
5831
5835
5839
5841
5842
5843
5845
5846
5847
5848
5850
5851
5852
5854
5856
5859
5860
5862
5863
5864
5865
5867
5869
5871
5873
5875
5876
5877
5879
5880
5881
5882
5885
5886
5890
5893
5894
5896
5897
5898
5899
5901
5902
5903
5904
5906
5907
5908
5909
5911
5912
5913
5914
5916
5917
5918
5919
5921
5922
5923
5924
5925
5928
5931
5933
5935
5938
5941
5943
5945
5949
5953
5956
5957
5959
5960
5961
5962
5965
5968
5970
5972
5975
5977
5978
5980
5981
5982
5984
5986
5988
5989
5990
5992
5993
5994
5996
5997
5998
5999
6001
6003
6005
6007
6011
6013
6014
6015
6016
6018
6020
6022
6023
6024
6026
6027
6028
6030
6031
6032
6033
6036
6037
6039
6040
6041
6043
6044
6045
6047
6048
6049
6050
6052
6053
6054
6055
6057
6058
6059
6060
6062
6063
6064
6065
6067
6068
6069
6070
6072
6073
6074
6075
6076
6078
6079
6080
6082
6084
6087
6088
6090
6091
6092
6093
6095
6097
6099
6101
6104
6105
6107
6108
6109
6110
6113
6114
6118
6121
6122
6124
6125
6126
6127
6129
6130
6131
6132
6134
6135
6136
6137
6139
6140
6141
6142
6144
6145
6146
6147
6149
6150
6151
6152
6153
6155
6157
6159
6161
6165
6167
6168
6169
6170
6172
6174
6176
6177
6178
6180
6181
6182
6184
6185
6186
6187
6189
6190
6191
6193
6194
6195
6197
6198
6199
6201
6202
6203
6204
6206
6207
6208
6209
6211
6212
6213
6214
6216
6217
6218
6219
6221
6222
6223
6224
6226
6227
6228
6229
6230
6233
6234
6237
6238
6241
6242
6244
6245
6246
6247
6249
6250
6251
6253
6254
6255
6257
6258
6259
6261
6262
6263
6264
6267
6268
6270
6271
6272
6274
6275
6276
6278
6279
6280
6281
6283
6284
6285
6286
6288
6289
6290
6291
6293
6294
6295
6296
6298
6299
6300
6301
6303
6304
6305
6306
6307
6309
6310
6311
6312
6314
6315
6316
6317
6319
6320
6321
6322
6324
6325
6326
6327
6329
6330
6331
6332
6333
6335
6336
6337
6338
6340
6341
6342
6343
6345
6346
6347
6348
6350
6351
6352
6353
6355
6356
6357
6358
6359
6361
6362
6363
6364
6366
6367
6368
6369
6371
6372
6373
6374
6376
6377
6378
6379
6381
6382
6383
6384
6385
6387
6388
6389
6390
6392
6393
6394
6395
6397
6398
6399
6400
6402
6403
6404
6405
6407
6408
6409
6410
6411
6413
6414
6415
6416
6417
6419
6420
6421
6422
6423
6425
6426
6427
6428
6429
6431
6432
6433
6434
6435
6437
6438
6439
6440
6441
6443
6444
6445
6446
6447
6448
6654
6657
6659
6660
6661
6664
6667
6669
6671
6673
6674
6675
6677
6679
6682
6683
6685
6686
6687
6688
6691
6694
6696
6698
6701
6704
6706
6707
6708
6710
6712
6714
6715
6716
6720
6722
6723
6724
6725
6727
6728
6729
6731
6733
6736
6737
6739
6740
6741
6742
6744
6746
6748
6750
6752
6754
6756
6757
6758
6759
6762
6763
6765
6767
6770
6771
6773
6774
6775
6776
6778
6779
6780
6781
6783
6784
6785
6786
6788
6789
6790
6791
6793
6794
6795
6796
6798
6799
6800
6801
6802
6805
6808
6810
6811
6812
6815
6818
6822
6824
6825
6826
6828
6830
6834
6836
6837
6838
6839
6842
6845
6847
6848
6849
6852
6854
6855
6857
6858
6859
6861
6862
6863
6865
6866
6867
6869
6870
6871
6873
6874
6875
6876
6880
6882
6884
6886
6888
6890
6891
6892
6893
6897
6899
6900
6901
6903
6904
6905
6907
6908
6909
6910
6914
6916
6917
6918
6920
6921
6922
6924
6925
6926
6927
6929
6930
6931
6932
6934
6935
6936
6937
6939
6940
6941
6942
6944
6945
6946
6947
6949
6950
6951
6952
6953
6955
6956
6957
6959
6961
6964
6965
6967
6968
6969
6970
6972
6974
6976
6978
6982
6984
6985
6986
6987
6990
6991
6995
6998
6999
7001
7002
7003
7004
7006
7007
7008
7009
7011
7012
7013
7014
7016
7017
7018
7019
7021
7022
7023
7024
7026
7027
7028
7029
7030
7032
7034
7036
7038
7042
7044
7045
7046
7047
7049
7051
7053
7054
7055
7057
7058
7059
7061
7062
7063
7064
7068
7070
7071
7072
7074
7075
7076
7078
7079
7080
7081
7083
7084
7085
7086
7088
7089
7090
7091
7093
7094
7095
7096
7098
7099
7100
7101
7103
7104
7105
7106
7107
7110
7111
7115
7118
7119
7121
7122
7123
7124
7128
7130
7131
7132
7134
7135
7136
7138
7139
7140
7141
7144
7145
7147
7148
7149
7151
7152
7153
7155
7156
7157
7158
7160
7161
7162
7163
7165
7166
7167
7168
7170
7171
7172
7173
7175
7176
7177
7178
7180
7181
7182
7183
7184
7186
7187
7188
7189
7191
7192
7193
7194
7196
7197
7198
7199
7201
7202
7203
7204
7206
7207
7208
7209
7210
7212
7213
7214
7215
7217
7218
7219
7220
7222
7223
7224
7225
7227
7228
7229
7230
7232
7233
7234
7235
7236
7238
7239
7240
7241
7243
7244
7245
7246
7248
7249
7250
7251
7253
7254
7255
7256
7258
7259
7260
7261
7262
7264
7265
7266
7267
7269
7270
7271
7272
7274
7275
7276
7277
7279
7280
7281
7282
7284
7285
7286
7287
7288
7290
7291
7292
7293
7294
7296
7297
7298
7299
7300
7302
7303
7304
7305
7306
7308
7309
7310
7311
7312
7314
7315
7316
7317
7318
7320
7321
7322
7323
7324
7325
7531
7534
7536
7537
7538
7541
7544
7546
7547
7548
7550
7551
7552
7554
7556
7558
7559
7560
7562
7563
7564
7565
7568
7571
7573
7574
7575
7578
7581
7583
7585
7589
7591
7593
7597
7599
7600
7601
7602
7604
7605
7606
7608
7609
7610
7612
7613
7614
7616
7617
7618
7619
7621
7623
7625
7627
7631
7633
7634
7635
7636
7638
7639
7640
7644
7647
7648
7650
7651
7652
7653
7655
7656
7657
7658
7660
7661
7662
7663
7665
7666
7667
7668
7670
7671
7672
7673
7675
7676
7677
7678
7679
7682
7685
7687
7688
7689
7692
7695
7697
7699
7703
7705
7707
7711
7713
7714
7715
7716
7719
7722
7724
7725
7726
7729
7731
7732
7734
7735
7736
7738
7740
7742
7743
7744
7746
7747
7748
7750
7751
7752
7753
7757
7759
7760
7761
7765
7767
7768
7769
7770
7772
7774
7776
7777
7778
7780
7781
7782
7784
7785
7786
7787
7789
7790
7791
7793
7794
7795
7797
7798
7799
7801
7802
7803
7804
7806
7807
7808
7809
7811
7812
7813
7814
7816
7817
7818
7819
7821
7822
7823
7824
7826
7827
7828
7829
7830
7832
7833
7834
7836
7838
7841
7842
7844
7845
7846
7847
7849
7850
7851
7853
7855
7859
7861
7862
7863
7864
7867
7868
7872
7875
7876
7878
7879
7880
7881
7883
7884
7885
7886
7888
7889
7890
7891
7893
7894
7895
7896
7898
7899
7900
7901
7903
7904
7905
7906
7907
7909
7911
7913
7914
7915
7918
7919
7921
7922
7923
7924
7926
7928
7930
7931
7932
7934
7935
7936
7938
7939
7940
7941
7943
7944
7945
7947
7948
7949
7951
7952
7953
7955
7956
7957
7958
7960
7961
7962
7963
7965
7966
7967
7968
7970
7971
7972
7973
7975
7976
7977
7978
7980
7981
7982
7983
7984
7987
7988
7990
7991
7992
7995
7996
7998
7999
8000
8001
8004
8005
8007
8008
8009
8011
8012
8013
8015
8016
8017
8018
8021
8022
8024
8025
8026
8028
8029
8030
8032
8033
8034
8035
8037
8038
8039
8040
8042
8043
8044
8045
8047
8048
8049
8050
8052
8053
8054
8055
8057
8058
8059
8060
8061
8063
8064
8065
8066
8068
8069
8070
8071
8073
8074
8075
8076
8078
8079
8080
8081
8083
8084
8085
8086
8087
8089
8090
8091
8092
8094
8095
8096
8097
8099
8100
8101
8102
8104
8105
8106
8107
8109
8110
8111
8112
8113
8115
8116
8117
8118
8120
8121
8122
8123
8125
8126
8127
8128
8130
8131
8132
8133
8135
8136
8137
8138
8139
8141
8142
8143
8144
8146
8147
8148
8149
8151
8152
8153
8154
8156
8157
8158
8159
8161
8162
8163
8164
8165
8167
8168
8169
8170
8171
8173
8174
8175
8176
8177
8179
8180
8181
8182
8183
8185
8186
8187
8188
8189
8191
8192
8193
8194
8195
8197
8198
8199
8200
8201
8202
8408
8411
8413
8414
8415
8418
8421
8423
8425
8427
8428
8429
8431
8433
8436
8437
8439
8440
8441
8442
8445
8448
8450
8452
8455
8458
8460
8462
8464
8466
8468
8470
8474
8476
8477
8478
8479
8481
8482
8483
8487
8490
8491
8493
8494
8495
8496
8498
8500
8502
8504
8508
8510
8511
8512
8513
8516
8517
8521
8524
8525
8527
8528
8529
8530
8532
8533
8534
8535
8537
8538
8539
8540
8542
8543
8544
8545
8547
8548
8549
8550
8552
8553
8554
8555
8556
8559
8562
8564
8566
8569
8572
8574
8576
8578
8580
8582
8584
8588
8590
8591
8592
8593
8596
8599
8601
8603
8606
8608
8609
8611
8612
8613
8615
8617
8619
8620
8621
8623
8624
8625
8627
8628
8629
8630
8632
8634
8636
8638
8640
8642
8644
8645
8646
8647
8649
8651
8653
8654
8655
8657
8658
8659
8661
8662
8663
8664
8668
8670
8671
8672
8674
8675
8676
8678
8679
8680
8681
8683
8684
8685
8686
8688
8689
8690
8691
8693
8694
8695
8696
8698
8699
8700
8701
8703
8704
8705
8706
8707
8709
8710
8711
8713
8715
8718
8719
8721
8722
8723
8724
8726
8728
8730
8731
8732
8736
8738
8739
8740
8741
8744
8745
8749
8752
8753
8755
8756
8757
8758
8760
8761
8762
8763
8765
8766
8767
8768
8770
8771
8772
8773
8775
8776
8777
8778
8780
8781
8782
8783
8784
8786
8788
8790
8792
8796
8798
8799
8800
8801
8803
8805
8807
8808
8809
8811
8812
8813
8815
8816
8817
8818
8822
8824
8825
8826
8828
8829
8830
8832
8833
8834
8835
8837
8838
8839
8840
8842
8843
8844
8845
8847
8848
8849
8850
8852
8853
8854
8855
8857
8858
8859
8860
8861
8864
8865
8869
8872
8873
8875
8876
8877
8878
8882
8884
8885
8886
8888
8889
8890
8892
8893
8894
8895
8898
8899
8901
8902
8903
8905
8906
8907
8909
8910
8911
8912
8914
8915
8916
8917
8919
8920
8921
8922
8924
8925
8926
8927
8929
8930
8931
8932
8934
8935
8936
8937
8938
8940
8941
8942
8943
8945
8946
8947
8948
8950
8951
8952
8953
8955
8956
8957
8958
8960
8961
8962
8963
8964
8966
8967
8968
8969
8971
8972
8973
8974
8976
8977
8978
8979
8981
8982
8983
8984
8986
8987
8988
8989
8990
8992
8993
8994
8995
8997
8998
8999
9000
9002
9003
9004
9005
9007
9008
9009
9010
9012
9013
9014
9015
9016
9018
9019
9020
9021
9023
9024
9025
9026
9028
9029
9030
9031
9033
9034
9035
9036
9038
9039
9040
9041
9042
9044
9045
9046
9047
9048
9050
9051
9052
9053
9054
9056
9057
9058
9059
9060
9062
9063
9064
9065
9066
9068
9069
9070
9071
9072
9074
9075
9076
9077
9078
9079
9285
9288
9290
9291
9292
9295
9298
9300
9301
9302
9304
9305
9306
9308
9310
9313
9314
9316
9317
9318
9319
9322
9325
9327
9328
9329
9332
9335
9339
9341
9342
9343
9347
9350
9351
9353
9354
9355
9356
9358
9359
9360
9362
9364
9367
9368
9370
9371
9372
9373
9375
9376
9377
9379
9381
9385
9387
9388
9389
9390
9393
9394
9398
9401
9402
9404
9405
9406
9407
9409
9410
9411
9412
9414
9415
9416
9417
9419
9420
9421
9422
9424
9425
9426
9427
9429
9430
9431
9432
9433
9436
9439
9441
9443
9446
9449
9451
9452
9453
9455
9457
9459
9460
9461
9463
9464
9465
9467
9468
9469
9470
9473
9476
9478
9479
9480
9483
9485
9486
9488
9489
9490
9492
9494
9496
9497
9498
9500
9501
9502
9504
9505
9506
9507
9509
9511
9513
9514
9515
9517
9518
9519
9521
9522
9523
9524
9526
9528
9530
9531
9532
9534
9535
9536
9538
9539
9540
9541
9545
9547
9548
9549
9551
9552
9553
9555
9556
9557
9558
9560
9561
9562
9563
9565
9566
9567
9568
9570
9571
9572
9573
9575
9576
9577
9578
9580
9581
9582
9583
9584
9586
9587
9588
9590
9592
9595
9596
9598
9599
9600
9601
9605
9607
9609
9611
9613
9615
9616
9617
9618
9621
9622
9624
9625
9626
9629
9630
9632
9633
9634
9635
9637
9638
9639
9640
9642
9643
9644
9645
9647
9648
9649
9650
9652
9653
9654
9655
9657
9658
9659
9660
9661
9665
9669
9671
9673
9675
9676
9677
9678
9682
9684
9685
9686
9688
9689
9690
9692
9693
9694
9695
9699
9701
9702
9703
9705
9706
9707
9709
9710
9711
9712
9714
9715
9716
9717
9719
9720
9721
9722
9724
9725
9726
9727
9729
9730
9731
9732
9734
9735
9736
9737
9738
9741
9742
9744
9745
9746
9749
9750
9752
9753
9754
9755
9759
9761
9762
9763
9765
9766
9767
9769
9770
9771
9772
9775
9776
9778
9779
9780
9782
9783
9784
9786
9787
9788
9789
9791
9792
9793
9794
9796
9797
9798
9799
9801
9802
9803
9804
9806
9807
9808
9809
9811
9812
9813
9814
9815
9817
9818
9819
9820
9822
9823
9824
9825
9827
9828
9829
9830
9832
9833
9834
9835
9837
9838
9839
9840
9841
9843
9844
9845
9846
9848
9849
9850
9851
9853
9854
9855
9856
9858
9859
9860
9861
9863
9864
9865
9866
9867
9869
9870
9871
9872
9874
9875
9876
9877
9879
9880
9881
9882
9884
9885
9886
9887
9889
9890
9891
9892
9893
9895
9896
9897
9898
9900
9901
9902
9903
9905
9906
9907
9908
9910
9911
9912
9913
9915
9916
9917
9918
9919
9921
9922
9923
9924
9925
9927
9928
9929
9930
9931
9933
9934
9935
9936
9937
9939
9940
9941
9942
9943
9945
9946
9947
9948
9949
9951
9952
9953
9954
9955
9956
10162
10165
10167
10168
10169
10172
10175
10177
10179
10181
10182
10183
10185
10187
10189
10190
10191
10193
10194
10195
10196
10199
10202
10204
10206
10209
10212
10214
10215
10216
10219
10220
10223
10224
10226
10227
10228
10230
10231
10232
10233
10235
10236
10237
10239
10241
10243
10244
10245
10247
10248
10249
10250
10252
10253
10254
10256
10257
10258
10261
10262
10264
10265
10266
10267
10270
10271
10273
10275
10278
10279
10281
10282
10283
10284
10286
10287
10288
10289
10291
10292
10293
10294
10296
10297
10298
10299
10301
10302
10303
10304
10306
10307
10308
10309
10310
10313
10316
10318
10319
10320
10323
10326
10328
10330
10332
10334
10336
10338
10341
10342
10344
10345
10346
10347
10350
10353
10355
10357
10360
10362
10363
10365
10366
10367
10369
10371
10373
10374
10375
10377
10378
10379
10381
10382
10383
10384
10386
10387
10388
10390
10392
10396
10398
10399
10400
10401
10403
10404
10405
10407
10408
10409
10411
10412
10413
10415
10416
10417
10418
10422
10424
10425
10426
10428
10429
10430
10432
10433
10434
10435
10437
10438
10439
10440
10442
10443
10444
10445
10447
10448
10449
10450
10452
10453
10454
10455
10457
10458
10459
10460
10461
10463
10464
10465
10467
10469
10471
10472
10473
10475
10476
10477
10478
10480
10482
10484
10486
10490
10492
10493
10494
10495
10497
10498
10499
10501
10503
10506
10507
10509
10510
10511
10512
10514
10515
10516
10517
10519
10520
10521
10522
10524
10525
10526
10527
10529
10530
10531
10532
10534
10535
10536
10537
10538
10540
10542
10544
10546
10550
10552
10553
10554
10555
10557
10559
10561
10562
10563
10565
10566
10567
10569
10570
10571
10572
10576
10578
10579
10580
10582
10583
10584
10586
10587
10588
10589
10591
10592
10593
10594
10596
10597
10598
10599
10601
10602
10603
10604
10606
10607
10608
10609
10611
10612
10613
10614
10615
10617
10618
10619
10623
10626
10627
10629
10630
10631
10632
10634
10636
10638
10639
10640
10642
10643
10644
10646
10647
10648
10649
10652
10653
10655
10656
10657
10659
10660
10661
10663
10664
10665
10666
10668
10669
10670
10671
10673
10674
10675
10676
10678
10679
10680
10681
10683
10684
10685
10686
10688
10689
10690
10691
10692
10694
10695
10696
10697
10699
10700
10701
10702
10704
10705
10706
10707
10709
10710
10711
10712
10714
10715
10716
10717
10718
10720
10721
10722
10723
10725
10726
10727
10728
10730
10731
10732
10733
10735
10736
10737
10738
10740
10741
10742
10743
10744
10746
10747
10748
10749
10751
10752
10753
10754
10756
10757
10758
10759
10761
10762
10763
10764
10766
10767
10768
10769
10770
10772
10773
10774
10775
10777
10778
10779
10780
10782
10783
10784
10785
10787
10788
10789
10790
10792
10793
10794
10795
10796
10798
10799
10800
10801
10802
10804
10805
10806
10807
10808
10810
10811
10812
10813
10814
10816
10817
10818
10819
10820
10822
10823
10824
10825
10826
10828
10829
10830
10831
10832
10833
11039
11042
11044
11045
11046
11049
11052
11054
11056
11058
11059
11060
11062
11064
11066
11067
11068
11070
11071
11072
11073
11076
11079
11083
11086
11089
11091
11092
11093
11095
11097
11099
11100
11101
11104
11105
11107
11108
11109
11110
11112
11113
11114
11117
11118
11121
11122
11124
11125
11126
11127
11129
11131
11133
11134
11135
11137
11139
11141
11142
11143
11144
11146
11147
11148
11150
11151
11152
11155
11156
11158
11159
11160
11161
11163
11164
11165
11166
11168
11169
11170
11171
11173
11174
11175
11176
11178
11179
11180
11181
11183
11184
11185
11186
11187
11190
11193
11195
11196
11197
11200
11203
11207
11209
11210
11211
11213
11215
11219
11221
11222
11223
11224
11227
11230
11232
11233
11234
11237
11239
11240
11242
11243
11244
11246
11248
11250
11251
11252
11254
11255
11256
11258
11259
11260
11261
11263
11265
11267
11269
11273
11275
11276
11277
11278
11282
11284
11285
11286
11288
11289
11290
11292
11293
11294
11295
11298
11299
11301
11302
11303
11305
11306
11307
11309
11310
11311
11312
11314
11315
11316
11317
11319
11320
11321
11322
11324
11325
11326
11327
11329
11330
11331
11332
11334
11335
11336
11337
11338
11340
11341
11342
11344
11346
11348
11349
11350
11352
11353
11354
11355
11357
11359
11361
11363
11367
11369
11370
11371
11372
11374
11375
11376
11380
11383
11384
11386
11387
11388
11389
11391
11392
11393
11394
11396
11397
11398
11399
11401
11402
11403
11404
11406
11407
11408
11409
11411
11412
11413
11414
11415
11417
11419
11421
11423
11425
11427
11429
11430
11431
11432
11434
11436
11438
11439
11440
11442
11443
11444
11446
11447
11448
11449
11453
11455
11456
11457
11459
11460
11461
11463
11464
11465
11466
11468
11469
11470
11471
11473
11474
11475
11476
11478
11479
11480
11481
11483
11484
11485
11486
11488
11489
11490
11491
11492
11494
11495
11496
11500
11503
11504
11506
11507
11508
11509
11511
11513
11515
11516
11517
11519
11520
11521
11523
11524
11525
11526
11529
11530
11532
11533
11534
11536
11537
11538
11540
11541
11542
11543
11545
11546
11547
11548
11550
11551
11552
11553
11555
11556
11557
11558
11560
11561
11562
11563
11565
11566
11567
11568
11569
11571
11572
11573
11574
11576
11577
11578
11579
11581
11582
11583
11584
11586
11587
11588
11589
11591
11592
11593
11594
11595
11597
11598
11599
11600
11602
11603
11604
11605
11607
11608
11609
11610
11612
11613
11614
11615
11617
11618
11619
11620
11621
11623
11624
11625
11626
11628
11629
11630
11631
11633
11634
11635
11636
11638
11639
11640
11641
11643
11644
11645
11646
11647
11649
11650
11651
11652
11654
11655
11656
11657
11659
11660
11661
11662
11664
11665
11666
11667
11669
11670
11671
11672
11673
11675
11676
11677
11678
11679
11681
11682
11683
11684
11685
11687
11688
11689
11690
11691
11693
11694
11695
11696
11697
11699
11700
11701
11702
11703
11705
11706
11707
11708
11709
11710
11916
11919
11921
11922
11923
11926
11929
11931
11932
11933
11935
11936
11937
11939
11940
11941
11944
11945
11947
11948
11949
11950
11953
11956
11958
11960
11963
11966
11968
11970
11972
11974
11976
11978
11982
11984
11985
11986
11987
11989
11990
11991
11993
11994
11995
11998
11999
12001
12002
12003
12004
12006
12007
12008
12010
12012
12016
12018
12019
12020
12021
12024
12025
12029
12032
12033
12035
12036
12037
12038
12040
12041
12042
12043
12045
12046
12047
12048
12050
12051
12052
12053
12055
12056
12057
12058
12060
12061
12062
12063
12064
12067
12070
12072
12074
12077
12080
12082
12084
12086
12088
12090
12092
12096
12098
12099
12100
12101
12104
12107
12109
12110
12111
12114
12116
12117
12119
12120
12121
12123
12124
12125
12127
12128
12129
12131
12132
12133
12135
12136
12137
12138
12140
12142
12144
12145
12146
12149
12150
12152
12153
12154
12155
12157
12158
12159
12161
12162
12163
12165
12166
12167
12169
12170
12171
12172
12175
12176
12178
12179
12180
12182
12183
12184
12186
12187
12188
12189
12191
12192
12193
12194
12196
12197
12198
12199
12201
12202
12203
12204
12206
12207
12208
12209
12211
12212
12213
12214
12215
12217
12218
12219
12221
12223
12225
12226
12227
12229
12230
12231
12232
12236
12238
12240
12244
12246
12247
12248
12249
12251
12252
12253
12257
12260
12261
12263
12264
12265
12266
12268
12269
12270
12271
12273
12274
12275
12276
12278
12279
12280
12281
12283
12284
12285
12286
12288
12289
12290
12291
12292
12296
12298
12300
12302
12304
12306
12307
12308
12309
12311
12313
12315
12316
12317
12319
12320
12321
12323
12324
12325
12326
12328
12330
12332
12333
12334
12336
12337
12338
12340
12341
12342
12343
12345
12346
12347
12348
12350
12351
12352
12353
12355
12356
12357
12358
12360
12361
12362
12363
12365
12366
12367
12368
12369
12372
12373
12375
12377
12379
12380
12381
12383
12384
12385
12386
12388
12390
12392
12393
12394
12396
12397
12398
12400
12401
12402
12403
12405
12406
12407
12409
12410
12411
12413
12414
12415
12417
12418
12419
12420
12422
12423
12424
12425
12427
12428
12429
12430
12432
12433
12434
12435
12437
12438
12439
12440
12442
12443
12444
12445
12446
12448
12449
12450
12451
12453
12454
12455
12456
12458
12459
12460
12461
12463
12464
12465
12466
12468
12469
12470
12471
12472
12474
12475
12476
12477
12479
12480
12481
12482
12484
12485
12486
12487
12489
12490
12491
12492
12494
12495
12496
12497
12498
12500
12501
12502
12503
12505
12506
12507
12508
12510
12511
12512
12513
12515
12516
12517
12518
12520
12521
12522
12523
12524
12526
12527
12528
12529
12531
12532
12533
12534
12536
12537
12538
12539
12541
12542
12543
12544
12546
12547
12548
12549
12550
12552
12553
12554
12555
12556
12558
12559
12560
12561
12562
12564
12565
12566
12567
12568
12570
12571
12572
12573
12574
12576
12577
12578
12579
12580
12582
12583
12584
12585
12586
12587
12793
12796
12798
12799
12800
12803
12806
12808
12809
12810
12812
12813
12814
12816
12818
12821
12822
12824
12825
12826
12827
12830
12833
12835
12837
12840
12843
12845
12846
12847
12849
12851
12853
12855
12858
12859
12861
12862
12863
12864
12866
12867
12868
12870
12872
12875
12876
12878
12879
12880
12881
12885
12887
12889
12891
12892
12893
12895
12896
12897
12898
12901
12902
12906
12908
12909
12910
12912
12913
12914
12915
12917
12918
12919
12920
12922
12923
12924
12925
12927
12928
12929
12930
12932
12933
12934
12935
12937
12938
12939
12940
12941
12944
12947
12949
12950
12951
12954
12957
12959
12961
12963
12964
12965
12967
12969
12973
12975
12976
12977
12978
12981
12984
12986
12987
12988
12991
12993
12994
12996
12997
12998
13000
13002
13004
13005
13006
13008
13009
13010
13012
13013
13014
13015
13017
13019
13021
13023
13025
13026
13027
13029
13030
13031
13032
13034
13036
13038
13039
13040
13042
13043
13044
13046
13047
13048
13049
13051
13053
13055
13056
13057
13059
13060
13061
13063
13064
13065
13066
13068
13069
13070
13071
13073
13074
13075
13076
13078
13079
13080
13081
13083
13084
13085
13086
13088
13089
13090
13091
13092
13094
13095
13096
13098
13099
13100
13103
13104
13106
13107
13108
13109
13111
13113
13115
13117
13121
13123
13124
13125
13126
13128
13129
13130
13134
13137
13138
13140
13141
13142
13143
13145
13146
13147
13148
13150
13151
13152
13153
13155
13156
13157
13158
13160
13161
13162
13163
13165
13166
13167
13168
13169
13171
13173
13175
13176
13177
13180
13181
13183
13184
13185
13186
13188
13190
13192
13193
13194
13196
13197
13198
13200
13201
13202
13203
13205
13206
13207
13209
13210
13211
13213
13214
13215
13217
13218
13219
13220
13222
13223
13224
13225
13227
13228
13229
13230
13232
13233
13234
13235
13237
13238
13239
13240
13242
13243
13244
13245
13246
13249
13250
13253
13254
13256
13257
13258
13260
13261
13262
13263
13265
13266
13267
13269
13270
13271
13273
13274
13275
13277
13278
13279
13280
13283
13284
13286
13287
13288
13290
13291
13292
13294
13295
13296
13297
13299
13300
13301
13302
13304
13305
13306
13307
13309
13310
13311
13312
13314
13315
13316
13317
13319
13320
13321
13322
13323
13325
13326
13327
13328
13330
13331
13332
13333
13335
13336
13337
13338
13340
13341
13342
13343
13345
13346
13347
13348
13349
13351
13352
13353
13354
13356
13357
13358
13359
13361
13362
13363
13364
13366
13367
13368
13369
13371
13372
13373
13374
13375
13377
13378
13379
13380
13382
13383
13384
13385
13387
13388
13389
13390
13392
13393
13394
13395
13397
13398
13399
13400
13401
13403
13404
13405
13406
13408
13409
13410
13411
13413
13414
13415
13416
13418
13419
13420
13421
13423
13424
13425
13426
13427
13429
13430
13431
13432
13433
13435
13436
13437
13438
13439
13441
13442
13443
13444
13445
13447
13448
13449
13450
13451
13453
13454
13455
13456
13457
13459
13460
13461
13462
13463
13464
13670
13673
13675
13676
13677
13680
13683
13685
13686
13687
13689
13690
13691
13693
13695
13698
13699
13701
13702
13703
13704
13707
13710
13712
13714
13717
13720
13722
13723
13724
13726
13728
13730
13732
13734
13736
13738
13739
13740
13741
13743
13744
13745
13747
13749
13752
13753
13755
13756
13757
13758
13760
13762
13766
13770
13772
13773
13774
13775
13777
13778
13779
13783
13786
13787
13789
13790
13791
13792
13794
13795
13796
13797
13799
13800
13801
13802
13804
13805
13806
13807
13809
13810
13811
13812
13814
13815
13816
13817
13818
13821
13824
13826
13828
13831
13834
13836
13837
13838
13840
13841
13842
13844
13845
13846
13850
13852
13853
13854
13855
13858
13861
13863
13864
13865
13868
13870
13871
13873
13874
13875
13877
13879
13881
13882
13883
13885
13886
13887
13889
13890
13891
13892
13894
13896
13898
13900
13902
13903
13904
13906
13907
13908
13909
13911
13913
13915
13916
13917
13919
13920
13921
13923
13924
13925
13926
13930
13932
13933
13934
13936
13937
13938
13940
13941
13942
13943
13945
13946
13947
13948
13950
13951
13952
13953
13955
13956
13957
13958
13960
13961
13962
13963
13965
13966
13967
13968
13969
13971
13972
13973
13975
13977
13980
13981
13983
13984
13985
13986
13988
13989
13990
13993
13994
13996
13997
13998
14000
14001
14002
14003
14006
14007
14011
14013
14014
14015
14017
14018
14019
14020
14022
14023
14024
14025
14027
14028
14029
14030
14032
14033
14034
14035
14037
14038
14039
14040
14042
14043
14044
14045
14046
14048
14050
14052
14053
14054
14056
14058
14060
14061
14062
14063
14065
14067
14069
14070
14071
14073
14074
14075
14077
14078
14079
14080
14084
14086
14087
14088
14090
14091
14092
14094
14095
14096
14097
14099
14100
14101
14102
14104
14105
14106
14107
14109
14110
14111
14112
14114
14115
14116
14117
14119
14120
14121
14122
14123
14126
14127
14129
14131
14133
14134
14135
14137
14138
14139
14140
14144
14146
14147
14148
14150
14151
14152
14154
14155
14156
14157
14160
14161
14163
14164
14165
14167
14168
14169
14171
14172
14173
14174
14176
14177
14178
14179
14181
14182
14183
14184
14186
14187
14188
14189
14191
14192
14193
14194
14196
14197
14198
14199
14200
14202
14203
14204
14205
14207
14208
14209
14210
14212
14213
14214
14215
14217
14218
14219
14220
14222
14223
14224
14225
14226
14228
14229
14230
14231
14233
14234
14235
14236
14238
14239
14240
14241
14243
14244
14245
14246
14248
14249
14250
14251
14252
14254
14255
14256
14257
14259
14260
14261
14262
14264
14265
14266
14267
14269
14270
14271
14272
14274
14275
14276
14277
14278
14280
14281
14282
14283
14285
14286
14287
14288
14290
14291
14292
14293
14295
14296
14297
14298
14300
14301
14302
14303
14304
14306
14307
14308
14309
14310
14312
14313
14314
14315
14316
14318
14319
14320
14321
14322
14324
14325
14326
14327
14328
14330
14331
14332
14333
14334
14336
14337
14338
14339
14340
14341
14547
14550
14552
14553
14554
14557
14560
14562
14563
14564
14566
14567
14568
14570
14572
14574
14575
14576
14578
14579
14580
14581
14584
14587
14589
14590
14591
14594
14597
14599
14601
14603
14605
14607
14609
14613
14615
14616
14617
14618
14620
14621
14622
14624
14626
14628
14629
14630
14632
14633
14634
14635
14637
14639
14641
14643
14647
14649
14650
14651
14652
14655
14656
14660
14663
14664
14666
14667
14668
14669
14671
14672
14673
14674
14676
14677
14678
14679
14681
14682
14683
14684
14686
14687
14688
14689
14691
14692
14693
14694
14695
14698
14701
14703
14704
14705
14708
14711
14713
14715
14717
14719
14721
14723
14727
14729
14730
14731
14732
14735
14738
14740
14742
14745
14747
14748
14750
14751
14752
14754
14756
14758
14759
14760
14762
14763
14764
14766
14767
14768
14769
14771
14773
14775
14777
14781
14783
14784
14785
14786
14788
14790
14792
14793
14794
14796
14797
14798
14800
14801
14802
14803
14807
14809
14810
14811
14813
14814
14815
14817
14818
14819
14820
14822
14823
14824
14825
14827
14828
14829
14830
14832
14833
14834
14835
14837
14838
14839
14840
14842
14843
14844
14845
14846
14848
14849
14850
14852
14854
14857
14858
14860
14861
14862
14863
14865
14867
14869
14871
14875
14877
14878
14879
14880
14882
14883
14884
14888
14891
14892
14894
14895
14896
14897
14899
14900
14901
14902
14904
14905
14906
14907
14909
14910
14911
14912
14914
14915
14916
14917
14919
14920
14921
14922
14923
14925
14927
14929
14931
14935
14937
14938
14939
14940
14942
14944
14946
14947
14948
14950
14951
14952
14954
14955
14956
14957
14961
14963
14964
14965
14967
14968
14969
14971
14972
14973
14974
14976
14977
14978
14979
14981
14982
14983
14984
14986
14987
14988
14989
14991
14992
14993
14994
14996
14997
14998
14999
15000
15002
15003
15004
15008
15011
15012
15014
15015
15016
15017
15021
15023
15024
15025
15027
15028
15029
15031
15032
15033
15034
15037
15038
15040
15041
15042
15044
15045
15046
15048
15049
15050
15051
15053
15054
15055
15056
15058
15059
15060
15061
15063
15064
15065
15066
15068
15069
15070
15071
15073
15074
15075
15076
15077
15079
15080
15081
15082
15084
15085
15086
15087
15089
15090
15091
15092
15094
15095
15096
15097
15099
15100
15101
15102
15103
15105
15106
15107
15108
15110
15111
15112
15113
15115
15116
15117
15118
15120
15121
15122
15123
15125
15126
15127
15128
15129
15131
15132
15133
15134
15136
15137
15138
15139
15141
15142
15143
15144
15146
15147
15148
15149
15151
15152
15153
15154
15155
15157
15158
15159
15160
15162
15163
15164
15165
15167
15168
15169
15170
15172
15173
15174
15175
15177
15178
15179
15180
15181
15183
15184
15185
15186
15187
15189
15190
15191
15192
15193
15195
15196
15197
15198
15199
15201
15202
15203
15204
15205
15207
15208
15209
15210
15211
15213
15214
15215
15216
15217
15218
15424
15427
15429
15430
15431
15434
15437
15439
15441
15443
15444
15445
15447
15449
15452
15453
15455
15456
15457
15458
15461
15464
15466
15468
15471
15474
15476
15478
15480
15481
15482
15484
15486
15489
15490
15492
15493
15494
15495
15497
15498
15499
15501
15503
15505
15506
15507
15509
15510
15511
15512
15514
15516
15518
15520
15524
15526
15527
15528
15529
15532
15533
15537
15540
15541
15543
15544
15545
15546
15548
15549
15550
15551
15553
15554
15555
15556
15558
15559
15560
15561
15563
15564
15565
15566
15568
15569
15570
15571
15572
15575
15578
15580
15582
15585
15588
15590
15592
15594
15596
15598
15599
15600
15602
15603
15604
15606
15607
15608
15609
15612
15615
15617
15619
15622
15624
15625
15627
15628
15629
15631
15632
15633
15635
15636
15637
15639
15640
15641
15643
15644
15645
15646
15648
15650
15652
15654
15658
15660
15661
15662
15663
15665
15667
15669
15670
15671
15673
15674
15675
15677
15678
15679
15680
15682
15683
15684
15686
15687
15688
15690
15691
15692
15694
15695
15696
15697
15699
15700
15701
15702
15704
15705
15706
15707
15709
15710
15711
15712
15714
15715
15716
15717
15719
15720
15721
15722
15723
15725
15726
15727
15729
15731
15734
15735
15737
15738
15739
15740
15742
15744
15746
15748
15750
15751
15752
15754
15755
15756
15757
15760
15761
15763
15765
15767
15768
15769
15771
15772
15773
15774
15776
15777
15778
15779
15781
15782
15783
15784
15786
15787
15788
15789
15791
15792
15793
15794
15796
15797
15798
15799
15800
15802
15804
15806
15808
15810
15812
15814
15815
15816
15817
15819
15821
15823
15824
15825
15827
15828
15829
15831
15832
15833
15834
15836
15838
15840
15841
15842
15844
15845
15846
15848
15849
15850
15851
15853
15854
15855
15856
15858
15859
15860
15861
15863
15864
15865
15866
15868
15869
15870
15871
15873
15874
15875
15876
15877
15880
15881
15885
15888
15889
15891
15892
15893
15894
15896
15897
15898
15900
15901
15902
15904
15905
15906
15908
15909
15910
15911
15913
15914
15915
15917
15918
15919
15921
15922
15923
15925
15926
15927
15928
15930
15931
15932
15933
15935
15936
15937
15938
15940
15941
15942
15943
15945
15946
15947
15948
15950
15951
15952
15953
15954
15956
15957
15958
15959
15961
15962
15963
15964
15966
15967
15968
15969
15971
15972
15973
15974
15976
15977
15978
15979
15980
15982
15983
15984
15985
15987
15988
15989
15990
15992
15993
15994
15995
15997
15998
15999
16000
16002
16003
16004
16005
16006
16008
16009
16010
16011
16013
16014
16015
16016
16018
16019
16020
16021
16023
16024
16025
16026
16028
16029
16030
16031
16032
16034
16035
16036
16037
16039
16040
16041
16042
16044
16045
16046
16047
16049
16050
16051
16052
16054
16055
16056
16057
16058
16060
16061
16062
16063
16064
16066
16067
16068
16069
16070
16072
16073
16074
16075
16076
16078
16079
16080
16081
16082
16084
16085
16086
16087
16088
16090
16091
16092
16093
16094
16095
16301
16304
16306
16307
16308
16311
16314
16316
16318
16320
16321
16322
16324
16326
16329
16330
16332
16333
16334
16335
16338
16341
16343
16345
16348
16351
16353
16354
16355
16357
16359
16361
16362
16363
16365
16367
16369
16370
16371
16372
16374
16375
16376
16378
16380
16382
16383
16384
16386
16387
16388
16389
16391
16393
16395
16397
16399
16401
16403
16404
16405
16406
16409
16410
16412
16414
16417
16418
16420
16421
16422
16423
16425
16426
16427
16428
16430
16431
16432
16433
16435
16436
16437
16438
16440
16441
16442
16443
16445
16446
16447
16448
16449
16452
16455
16457
16458
16459
16462
16465
16467
16469
16471
16472
16473
16475
16477
16481
16483
16484
16485
16486
16489
16492
16494
16496
16499
16501
16502
16504
16505
16506
16508
16509
16510
16512
16513
16514
16516
16517
16518
16520
16521
16522
16523
16525
16527
16529
16531
16535
16537
16538
16539
16540
16542
16544
16546
16547
16548
16550
16551
16552
16554
16555
16556
16557
16561
16563
16564
16565
16567
16568
16569
16571
16572
16573
16574
16576
16577
16578
16579
16581
16582
16583
16584
16586
16587
16588
16589
16591
16592
16593
16594
16596
16597
16598
16599
16600
16602
16603
16604
16606
16608
16611
16612
16614
16615
16616
16617
16619
16621
16623
16625
16629
16631
16632
16633
16634
16637
16638
16642
16644
16645
16646
16648
16649
16650
16651
16653
16654
16655
16656
16658
16659
16660
16661
16663
16664
16665
16666
16668
16669
16670
16671
16673
16674
16675
16676
16677
16679
16681
16683
16685
16689
16691
16692
16693
16694
16696
16698
16700
16701
16702
16704
16705
16706
16708
16709
16710
16711
16715
16717
16718
16719
16721
16722
16723
16725
16726
16727
16728
16730
16731
16732
16733
16735
16736
16737
16738
16740
16741
16742
16743
16745
16746
16747
16748
16750
16751
16752
16753
16754
16756
16757
16758
16762
16765
16766
16768
16769
16770
16771
16775
16777
16778
16779
16781
16782
16783
16785
16786
16787
16788
16790
16791
16792
16794
16795
16796
16798
16799
16800
16802
16803
16804
16805
16807
16808
16809
16810
16812
16813
16814
16815
16817
16818
16819
16820
16822
16823
16824
16825
16827
16828
16829
16830
16831
16833
16834
16835
16836
16838
16839
16840
16841
16843
16844
16845
16846
16848
16849
16850
16851
16853
16854
16855
16856
16857
16859
16860
16861
16862
16864
16865
16866
16867
16869
16870
16871
16872
16874
16875
16876
16877
16879
16880
16881
16882
16883
16885
16886
16887
16888
16890
16891
16892
16893
16895
16896
16897
16898
16900
16901
16902
16903
16905
16906
16907
16908
16909
16911
16912
16913
16914
16916
16917
16918
16919
16921
16922
16923
16924
16926
16927
16928
16929
16931
16932
16933
16934
16935
16937
16938
16939
16940
16941
16943
16944
16945
16946
16947
16949
16950
16951
16952
16953
16955
16956
16957
16958
16959
16961
16962
16963
16964
16965
16967
16968
16969
16970
16971
16972
17215
17218
17220
17222
17225
17228
17230
17231
17232
17234
17236
17238
17240
17243
17244
17246
17247
17248
17249
17251
17252
17253
17255
17257
17261
17263
17264
17265
17266
17268
17270
17272
17273
17274
17276
17278
17280
17281
17282
17283
17287
17290
17291
17294
17295
17297
17298
17299
17300
17302
17303
17304
17305
17307
17308
17309
17310
17312
17313
17314
17315
17317
17318
17319
17320
17322
17323
17324
17325
17326
17329
17332
17334
17336
17339
17342
17344
17345
17346
17348
17350
17352
17354
17357
17358
17360
17361
17362
17363
17366
17369
17371
17372
17373
17376
17378
17379
17381
17382
17383
17385
17387
17389
17390
17391
17393
17394
17395
17397
17398
17399
17400
17402
17404
17406
17407
17408
17411
17412
17414
17415
17416
17417
17419
17421
17423
17424
17425
17427
17428
17429
17431
17432
17433
17434
17438
17440
17441
17442
17444
17445
17446
17448
17449
17450
17451
17453
17454
17455
17456
17458
17459
17460
17461
17463
17464
17465
17466
17468
17469
17470
17471
17473
17474
17475
17476
17477
17479
17480
17481
17483
17485
17488
17489
17491
17492
17493
17494
17496
17498
17500
17501
17502
17504
17506
17508
17509
17510
17511
17514
17515
17518
17519
17523
17525
17526
17527
17528
17530
17531
17532
17533
17535
17536
17537
17538
17540
17541
17542
17543
17545
17546
17547
17548
17550
17551
17552
17553
17554
17556
17558
17560
17561
17562
17565
17566
17568
17569
17570
17571
17573
17575
17577
17578
17579
17581
17582
17583
17585
17586
17587
17588
17592
17594
17595
17596
17598
17599
17600
17602
17603
17604
17605
17607
17608
17609
17610
17612
17613
17614
17615
17617
17618
17619
17620
17622
17623
17624
17625
17627
17628
17629
17630
17631
17634
17635
17638
17639
17642
17643
17645
17646
17647
17648
17652
17654
17655
17656
17658
17659
17660
17662
17663
17664
17665
17668
17669
17671
17672
17673
17675
17676
17677
17679
17680
17681
17682
17684
17685
17686
17687
17689
17690
17691
17692
17694
17695
17696
17697
17699
17700
17701
17702
17704
17705
17706
17707
17708
17710
17711
17712
17713
17715
17716
17717
17718
17720
17721
17722
17723
17725
17726
17727
17728
17730
17731
17732
17733
17734
17736
17737
17738
17739
17741
17742
17743
17744
17746
17747
17748
17749
17751
17752
17753
17754
17756
17757
17758
17759
17760
17762
17763
17764
17765
17767
17768
17769
17770
17772
17773
17774
17775
17777
17778
17779
17780
17782
17783
17784
17785
17786
17788
17789
17790
17791
17793
17794
17795
17796
17798
17799
17800
17801
17803
17804
17805
17806
17808
17809
17810
17811
17812
17814
17815
17816
17817
17818
17820
17821
17822
17823
17824
17826
17827
17828
17829
17830
17832
17833
17834
17835
17836
17838
17839
17840
17841
17842
17844
17845
17846
17847
17848
17849
18092
18095
18097
18098
18099
18102
18105
18107
18109
18111
18113
18115
18117
18119
18120
18121
18123
18124
18125
18126
18128
18129
18130
18132
18133
18134
18138
18140
18141
18142
18143
18145
18146
18147
18149
18151
18153
18154
18155
18157
18158
18159
18160
18163
18164
18168
18171
18172
18174
18175
18176
18177
18179
18180
18181
18182
18184
18185
18186
18187
18189
18190
18191
18192
18194
18195
18196
18197
18199
18200
18201
18202
18203
18206
18209
18211
18213
18216
18219
18221
18223
18225
18227
18229
18231
18233
18234
18235
18237
18238
18239
18240
18243
18246
18248
18250
18253
18255
18256
18258
18259
18260
18262
18264
18266
18267
18268
18270
18271
18272
18274
18275
18276
18277
18279
18280
18281
18283
18285
18289
18291
18292
18293
18294
18296
18298
18300
18301
18302
18304
18305
18306
18308
18309
18310
18311
18315
18317
18318
18319
18321
18322
18323
18325
18326
18327
18328
18330
18331
18332
18333
18335
18336
18337
18338
18340
18341
18342
18343
18345
18346
18347
18348
18350
18351
18352
18353
18354
18356
18357
18358
18360
18361
18362
18365
18366
18368
18369
18370
18371
18373
18374
18375
18377
18379
18381
18382
18383
18385
18386
18387
18388
18391
18392
18396
18399
18400
18402
18403
18404
18405
18407
18408
18409
18410
18412
18413
18414
18415
18417
18418
18419
18420
18422
18423
18424
18425
18427
18428
18429
18430
18431
18433
18434
18435
18437
18439
18443
18445
18446
18447
18448
18450
18452
18454
18455
18456
18458
18459
18460
18462
18463
18464
18465
18469
18471
18472
18473
18475
18476
18477
18479
18480
18481
18482
18484
18485
18486
18487
18489
18490
18491
18492
18494
18495
18496
18497
18499
18500
18501
18502
18504
18505
18506
18507
18508
18511
18512
18516
18519
18520
18522
18523
18524
18525
18529
18531
18532
18533
18535
18536
18537
18539
18540
18541
18542
18545
18546
18548
18549
18550
18552
18553
18554
18556
18557
18558
18559
18561
18562
18563
18564
18566
18567
18568
18569
18571
18572
18573
18574
18576
18577
18578
18579
18581
18582
18583
18584
18585
18587
18588
18589
18590
18592
18593
18594
18595
18597
18598
18599
18600
18602
18603
18604
18605
18607
18608
18609
18610
18611
18613
18614
18615
18616
18618
18619
18620
18621
18623
18624
18625
18626
18628
18629
18630
18631
18633
18634
18635
18636
18637
18639
18640
18641
18642
18644
18645
18646
18647
18649
18650
18651
18652
18654
18655
18656
18657
18659
18660
18661
18662
18663
18665
18666
18667
18668
18670
18671
18672
18673
18675
18676
18677
18678
18680
18681
18682
18683
18685
18686
18687
18688
18689
18691
18692
18693
18694
18695
18697
18698
18699
18700
18701
18703
18704
18705
18706
18707
18709
18710
18711
18712
18713
18715
18716
18717
18718
18719
18721
18722
18723
18724
18725
18726
18932
18935
18937
18938
18939
18942
18945
18947
18948
18949
18951
18952
18953
18955
18956
18957
18960
18961
18963
18964
18965
18966
18969
18972
18974
18975
18976
18979
18982
18984
18985
18986
18988
18989
18990
18992
18993
18994
18998
19000
19001
19002
19003
19005
19006
19007
19009
19011
19013
19014
19015
19017
19018
19019
19020
19022
19024
19026
19028
19030
19032
19034
19035
19036
19037
19039
19040
19041
19043
19045
19048
19049
19051
19052
19053
19054
19056
19057
19058
19059
19061
19062
19063
19064
19066
19067
19068
19069
19071
19072
19073
19074
19076
19077
19078
19079
19080
19083
19086
19088
19089
19090
19093
19096
19098
19099
19100
19102
19103
19104
19106
19107
19108
19111
19112
19114
19115
19116
19117
19120
19123
19125
19126
19127
19130
19132
19133
19135
19136
19137
19139
19140
19141
19143
19144
19145
19147
19148
19149
19151
19152
19153
19154
19156
19157
19158
19160
19162
19164
19165
19166
19168
19169
19170
19171
19173
19175
19177
19178
19179
19181
19182
19183
19185
19186
19187
19188
19190
19191
19192
19194
19195
19196
19198
19199
19200
19202
19203
19204
19205
19207
19208
19209
19210
19212
19213
19214
19215
19217
19218
19219
19220
19222
19223
19224
19225
19227
19228
19229
19230
19231
19233
19234
19235
19237
19239
19242
19243
19245
19246
19247
19248
19250
19252
19254
19255
19256
19259
19260
19262
19263
19264
19265
19268
19269
19272
19273
19276
19277
19279
19280
19281
19282
19284
19285
19286
19287
19289
19290
19291
19292
19294
19295
19296
19297
19299
19300
19301
19302
19304
19305
19306
19307
19308
19310
19312
19314
19315
19316
19318
19319
19320
19322
19323
19324
19325
19327
19328
19329
19331
19332
19333
19335
19336
19337
19339
19340
19341
19342
19344
19345
19346
19348
19349
19350
19352
19353
19354
19356
19357
19358
19359
19361
19362
19363
19364
19366
19367
19368
19369
19371
19372
19373
19374
19376
19377
19378
19379
19381
19382
19383
19384
19385
19388
19389
19392
19393
19396
19397
19399
19400
19401
19402
19405
19406
19408
19409
19410
19412
19413
19414
19416
19417
19418
19419
19422
19423
19425
19426
19427
19429
19430
19431
19433
19434
19435
19436
19438
19439
19440
19441
19443
19444
19445
19446
19448
19449
19450
19451
19453
19454
19455
19456
19458
19459
19460
19461
19462
19464
19465
19466
19467
19469
19470
19471
19472
19474
19475
19476
19477
19479
19480
19481
19482
19484
19485
19486
19487
19488
19490
19491
19492
19493
19495
19496
19497
19498
19500
19501
19502
19503
19505
19506
19507
19508
19510
19511
19512
19513
19514
19516
19517
19518
19519
19521
19522
19523
19524
19526
19527
19528
19529
19531
19532
19533
19534
19536
19537
19538
19539
19540
19542
19543
19544
19545
19547
19548
19549
19550
19552
19553
19554
19555
19557
19558
19559
19560
19562
19563
19564
19565
19566
19568
19569
19570
19571
19572
19574
19575
19576
19577
19578
19580
19581
19582
19583
19584
19586
19587
19588
19589
19590
19592
19593
19594
19595
19596
19598
19599
19600
19601
19602
19603
19819
19822
19824
19826
19828
19829
19830
19832
19834
19837
19838
19840
19841
19842
19843
19856
19859
19861
19863
19865
19867
19869
19871
19875
19877
19878
19879
19880
19899
19900
19901
19903
19905
19909
19911
19912
19913
19914
19917
19918
19922
19925
19926
19928
19929
19930
19931
19933
19934
19935
19936
19938
19939
19940
19941
19943
19944
19945
19946
19948
19949
19950
19951
19953
19954
19955
19956
19957
19960
19963
19965
19967
19970
19973
19975
19976
19977
19979
19981
19983
19985
19987
19988
19989
19991
19992
19993
19994
19997
20000
20002
20004
20007
20009
20010
20012
20013
20014
20016
20018
20020
20021
20022
20024
20025
20026
20028
20029
20030
20031
20033
20035
20037
20039
20043
20045
20046
20047
20048
20050
20052
20054
20055
20056
20058
20059
20060
20062
20063
20064
20065
20068
20069
20071
20072
20073
20075
20076
20077
20079
20080
20081
20082
20084
20085
20086
20087
20089
20090
20091
20092
20094
20095
20096
20097
20099
20100
20101
20102
20104
20105
20106
20107
20108
20110
20111
20112
20114
20115
20116
20119
20120
20122
20123
20124
20125
20127
20129
20131
20132
20133
20135
20136
20137
20139
20140
20141
20142
20145
20146
20148
20150
20153
20154
20156
20157
20158
20159
20161
20162
20163
20164
20166
20167
20168
20169
20171
20172
20173
20174
20176
20177
20178
20179
20181
20182
20183
20184
20185
20187
20188
20189
20191
20193
20197
20199
20200
20201
20202
20204
20205
20206
20208
20209
20210
20212
20213
20214
20216
20217
20218
20219
20223
20225
20226
20227
20229
20230
20231
20233
20234
20235
20236
20238
20239
20240
20241
20243
20244
20245
20246
20248
20249
20250
20251
20253
20254
20255
20256
20258
20259
20260
20261
20262
20265
20266
20270
20273
20274
20276
20277
20278
20279
20283
20285
20286
20287
20289
20290
20291
20293
20294
20295
20296
20299
20300
20302
20303
20304
20306
20307
20308
20310
20311
20312
20313
20315
20316
20317
20318
20320
20321
20322
20323
20325
20326
20327
20328
20330
20331
20332
20333
20335
20336
20337
20338
20339
20341
20342
20343
20344
20346
20347
20348
20349
20351
20352
20353
20354
20356
20357
20358
20359
20361
20362
20363
20364
20365
20367
20368
20369
20370
20372
20373
20374
20375
20377
20378
20379
20380
20382
20383
20384
20385
20387
20388
20389
20390
20391
20393
20394
20395
20396
20398
20399
20400
20401
20403
20404
20405
20406
20408
20409
20410
20411
20413
20414
20415
20416
20417
20419
20420
20421
20422
20424
20425
20426
20427
20429
20430
20431
20432
20434
20435
20436
20437
20439
20440
20441
20442
20443
20445
20446
20447
20448
20449
20451
20452
20453
20454
20455
20457
20458
20459
20460
20461
20463
20464
20465
20466
20467
20469
20470
20471
20472
20473
20475
20476
20477
20478
20479
20480
20686
20689
20691
20692
20693
20696
20699
20701
20703
20705
20706
20707
20709
20710
20711
20714
20715
20717
20718
20719
20720
20723
20726
20728
20729
20730
20733
20736
20738
20740
20742
20744
20746
20748
20752
20754
20755
20756
20757
20759
20760
20761
20763
20765
20768
20769
20771
20772
20773
20774
20776
20778
20780
20782
20786
20788
20789
20790
20791
20794
20795
20799
20802
20803
20805
20806
20807
20808
20810
20811
20812
20813
20815
20816
20817
20818
20820
20821
20822
20823
20825
20826
20827
20828
20830
20831
20832
20833
20834
20837
20840
20842
20843
20844
20847
20850
20852
20854
20856
20858
20860
20862
20865
20866
20868
20869
20870
20871
20874
20877
20879
20881
20884
20886
20887
20889
20890
20891
20893
20894
20895
20897
20898
20899
20901
20902
20903
20905
20906
20907
20908
20910
20912
20914
20916
20920
20922
20923
20924
20925
20927
20929
20931
20932
20933
20935
20936
20937
20939
20940
20941
20942
20944
20945
20946
20948
20949
20950
20952
20953
20954
20956
20957
20958
20959
20961
20962
20963
20964
20966
20967
20968
20969
20971
20972
20973
20974
20976
20977
20978
20979
20981
20982
20983
20984
20985
20987
20988
20989
20991
20992
20993
20996
20997
20999
21000
21001
21002
21004
21006
21008
21009
21010
21014
21016
21017
21018
21019
21022
21023
21027
21030
21031
21033
21034
21035
21036
21038
21039
21040
21041
21043
21044
21045
21046
21048
21049
21050
21051
21053
21054
21055
21056
21058
21059
21060
21061
21062
21064
21065
21066
21068
21070
21074
21076
21077
21078
21079
21081
21082
21083
21085
21086
21087
21089
21090
21091
21093
21094
21095
21096
21098
21099
21100
21102
21103
21104
21106
21107
21108
21110
21111
21112
21113
21115
21116
21117
21118
21120
21121
21122
21123
21125
21126
21127
21128
21130
21131
21132
21133
21135
21136
21137
21138
21139
21142
21143
21147
21150
21151
21153
21154
21155
21156
21158
21160
21162
21163
21164
21166
21167
21168
21170
21171
21172
21173
21176
21177
21179
21180
21181
21183
21184
21185
21187
21188
21189
21190
21192
21193
21194
21195
21197
21198
21199
21200
21202
21203
21204
21205
21207
21208
21209
21210
21212
21213
21214
21215
21216
21218
21219
21220
21221
21223
21224
21225
21226
21228
21229
21230
21231
21233
21234
21235
21236
21238
21239
21240
21241
21242
21244
21245
21246
21247
21249
21250
21251
21252
21254
21255
21256
21257
21259
21260
21261
21262
21264
21265
21266
21267
21268
21270
21271
21272
21273
21275
21276
21277
21278
21280
21281
21282
21283
21285
21286
21287
21288
21290
21291
21292
21293
21294
21296
21297
21298
21299
21301
21302
21303
21304
21306
21307
21308
21309
21311
21312
21313
21314
21316
21317
21318
21319
21320
21322
21323
21324
21325
21326
21328
21329
21330
21331
21332
21334
21335
21336
21337
21338
21340
21341
21342
21343
21344
21346
21347
21348
21349
21350
21352
21353
21354
21355
21356
21357
21566
21568
21569
21570
21573
21576
21578
21579
21580
21582
21583
21584
21586
21588
21591
21592
21594
21595
21596
21597
21600
21603
21605
21606
21607
21610
21613
21615
21616
21617
21619
21621
21623
21624
21625
21628
21629
21631
21632
21633
21634
21636
21637
21638
21640
21641
21642
21645
21646
21648
21649
21650
21651
21653
21654
21655
21657
21658
21659
21662
21663
21665
21666
21667
21668
21671
21672
21675
21676
21679
21680
21682
21683
21684
21685
21687
21688
21689
21690
21692
21693
21694
21695
21697
21698
21699
21700
21702
21703
21704
21705
21707
21708
21709
21710
21711
21717
21719
21720
21721
21724
21727
21729
21730
21731
21733
21735
21737
21738
21739
21741
21742
21743
21745
21746
21747
21748
21751
21754
21756
21757
21758
21761
21763
21764
21766
21767
21768
21770
21771
21772
21774
21775
21776
21778
21779
21780
21782
21783
21784
21785
21787
21788
21789
21791
21792
21793
21797
21799
21800
21801
21802
21804
21805
21806
21808
21809
21810
21812
21813
21814
21816
21817
21818
21819
21821
21822
21823
21825
21826
21827
21829
21830
21831
21833
21834
21835
21836
21838
21839
21840
21841
21843
21844
21845
21846
21848
21849
21850
21851
21853
21854
21855
21856
21858
21859
21860
21861
21862
21868
21870
21872
21873
21874
21876
21877
21878
21879
21881
21882
21883
21885
21887
21889
21890
21891
21893
21894
21895
21896
21899
21900
21903
21904
21907
21908
21910
21911
21912
21913
21915
21916
21917
21918
21920
21921
21922
21923
21925
21926
21927
21928
21930
21931
21932
21933
21935
21936
21937
21938
21939
21941
21943
21945
21947
21949
21951
21953
21954
21955
21956
21958
21960
21962
21963
21964
21966
21967
21968
21970
21971
21972
21973
21976
21977
21979
21980
21981
21983
21984
21985
21987
21988
21989
21990
21992
21993
21994
21995
21997
21998
21999
22000
22002
22003
22004
22005
22007
22008
22009
22010
22012
22013
22014
22015
22016
22018
22019
22020
22022
22024
22027
22028
22030
22031
22032
22033
22035
22036
22037
22039
22040
22041
22043
22044
22045
22047
22048
22049
22050
22053
22054
22056
22057
22058
22060
22061
22062
22064
22065
22066
22067
22069
22070
22071
22072
22074
22075
22076
22077
22079
22080
22081
22082
22084
22085
22086
22087
22089
22090
22091
22092
22093
22095
22096
22097
22098
22100
22101
22102
22103
22105
22106
22107
22108
22110
22111
22112
22113
22115
22116
22117
22118
22119
22121
22122
22123
22124
22126
22127
22128
22129
22131
22132
22133
22134
22136
22137
22138
22139
22141
22142
22143
22144
22145
22147
22148
22149
22150
22152
22153
22154
22155
22157
22158
22159
22160
22162
22163
22164
22165
22167
22168
22169
22170
22171
22173
22174
22175
22176
22178
22179
22180
22181
22183
22184
22185
22186
22188
22189
22190
22191
22193
22194
22195
22196
22197
22199
22200
22201
22202
22203
22205
22206
22207
22208
22209
22211
22212
22213
22214
22215
22217
22218
22219
22220
22221
22223
22224
22225
22226
22227
22229
22230
22231
22232
22233
22234
22440
22443
22445
22447
22450
22453
22457
22459
22460
22461
22463
22465
22467
22468
22469
22471
22472
22473
22474
22477
22480
22482
22484
22487
22490
22492
22493
22494
22496
22498
22500
22502
22506
22508
22509
22510
22511
22513
22514
22515
22517
22519
22521
22522
22523
22525
22526
22527
22528
22530
22532
22534
22535
22536
22540
22542
22543
22544
22545
22547
22548
22549
22553
22556
22557
22559
22560
22561
22562
22564
22565
22566
22567
22569
22570
22571
22572
22574
22575
22576
22577
22579
22580
22581
22582
22584
22585
22586
22587
22588
22594
22596
22598
22601
22604
22606
22608
22610
22612
22614
22616
22620
22622
22623
22624
22625
22628
22631
22633
22635
22638
22640
22641
22643
22644
22645
22647
22649
22651
22652
22653
22655
22656
22657
22659
22660
22661
22662
22664
22666
22668
22669
22670
22674
22676
22677
22678
22679
22681
22683
22685
22686
22687
22689
22690
22691
22693
22694
22695
22696
22699
22700
22702
22703
22704
22706
22707
22708
22710
22711
22712
22713
22715
22716
22717
22718
22720
22721
22722
22723
22725
22726
22727
22728
22730
22731
22732
22733
22735
22736
22737
22738
22739
22741
22742
22743
22745
22747
22749
22750
22751
22753
22754
22755
22756
22758
22760
22762
22764
22767
22768
22770
22771
22772
22773
22775
22776
22777
22781
22784
22785
22787
22788
22789
22790
22792
22793
22794
22795
22797
22798
22799
22800
22802
22803
22804
22805
22807
22808
22809
22810
22812
22813
22814
22815
22816
22820
22822
22824
22828
22830
22831
22832
22833
22835
22837
22839
22840
22841
22843
22844
22845
22847
22848
22849
22850
22854
22856
22857
22858
22860
22861
22862
22864
22865
22866
22867
22869
22870
22871
22872
22874
22875
22876
22877
22879
22880
22881
22882
22884
22885
22886
22887
22889
22890
22891
22892
22893
22895
22896
22897
22901
22904
22905
22907
22908
22909
22910
22913
22914
22916
22917
22918
22920
22921
22922
22924
22925
22926
22927
22930
22931
22933
22934
22935
22937
22938
22939
22941
22942
22943
22944
22946
22947
22948
22949
22951
22952
22953
22954
22956
22957
22958
22959
22961
22962
22963
22964
22966
22967
22968
22969
22970
22972
22973
22974
22975
22977
22978
22979
22980
22982
22983
22984
22985
22987
22988
22989
22990
22992
22993
22994
22995
22996
22998
22999
23000
23001
23003
23004
23005
23006
23008
23009
23010
23011
23013
23014
23015
23016
23018
23019
23020
23021
23022
23024
23025
23026
23027
23029
23030
23031
23032
23034
23035
23036
23037
23039
23040
23041
23042
23044
23045
23046
23047
23048
23050
23051
23052
23053
23055
23056
23057
23058
23060
23061
23062
23063
23065
23066
23067
23068
23070
23071
23072
23073
23074
23076
23077
23078
23079
23080
23082
23083
23084
23085
23086
23088
23089
23090
23091
23092
23094
23095
23096
23097
23098
23100
23101
23102
23103
23104
23106
23107
23108
23109
23110
23111
23327
23330
23332
23334
23336
23338
23340
23342
23345
23346
23348
23349
23350
23351
23359
23361
23364
23367
23369
23371
23373
23375
23377
23379
23382
23383
23385
23386
23387
23388
23390
23391
23392
23394
23396
23399
23400
23402
23403
23404
23405
23407
23409
23411
23413
23416
23417
23419
23420
23421
23422
23425
23426
23430
23433
23434
23436
23437
23438
23439
23441
23442
23443
23444
23446
23447
23448
23449
23451
23452
23453
23454
23456
23457
23458
23459
23461
23462
23463
23464
23465
23478
23481
23483
23484
23485
23487
23489
23491
23493
23496
23497
23499
23500
23501
23502
23505
23508
23510
23511
23512
23515
23517
23518
23520
23521
23522
23524
23525
23526
23528
23529
23530
23532
23533
23534
23536
23537
23538
23539
23541
23543
23545
23547
23550
23551
23553
23554
23555
23556
23558
23559
23560
23562
23563
23564
23566
23567
23568
23570
23571
23572
23573
23577
23579
23580
23581
23583
23584
23585
23587
23588
23589
23590
23592
23593
23594
23595
23597
23598
23599
23600
23602
23603
23604
23605
23607
23608
23609
23610
23612
23613
23614
23615
23616
23635
23637
23639
23640
23641
23643
23645
23647
23648
23649
23650
23654
23657
23658
23661
23662
23664
23665
23666
23667
23669
23670
23671
23672
23674
23675
23676
23677
23679
23680
23681
23682
23684
23685
23686
23687
23689
23690
23691
23692
23693
23695
23697
23699
23700
23701
23703
23705
23707
23708
23709
23710
23712
23714
23716
23717
23718
23720
23721
23722
23724
23725
23726
23727
23731
23733
23734
23735
23737
23738
23739
23741
23742
23743
23744
23746
23747
23748
23749
23751
23752
23753
23754
23756
23757
23758
23759
23761
23762
23763
23764
23766
23767
23768
23769
23770
23773
23774
23777
23778
23781
23782
23784
23785
23786
23787
23791
23793
23794
23795
23797
23798
23799
23801
23802
23803
23804
23807
23808
23810
23811
23812
23814
23815
23816
23818
23819
23820
23821
23823
23824
23825
23826
23828
23829
23830
23831
23833
23834
23835
23836
23838
23839
23840
23841
23843
23844
23845
23846
23847
23849
23850
23851
23852
23854
23855
23856
23857
23859
23860
23861
23862
23864
23865
23866
23867
23869
23870
23871
23872
23873
23875
23876
23877
23878
23880
23881
23882
23883
23885
23886
23887
23888
23890
23891
23892
23893
23895
23896
23897
23898
23899
23901
23902
23903
23904
23906
23907
23908
23909
23911
23912
23913
23914
23916
23917
23918
23919
23921
23922
23923
23924
23925
23927
23928
23929
23930
23932
23933
23934
23935
23937
23938
23939
23940
23942
23943
23944
23945
23947
23948
23949
23950
23951
23953
23954
23955
23956
23957
23959
23960
23961
23962
23963
23965
23966
23967
23968
23969
23971
23972
23973
23974
23975
23977
23978
23979
23980
23981
23983
23984
23985
23986
23987
23988
24204
24207
24209
24210
24211
24213
24214
24215
24217
24219
24221
24222
24223
24225
24226
24227
24228
24231
24234
24236
24238
24241
24244
24246
24247
24248
24250
24252
24254
24255
24256
24258
24259
24260
24262
24263
24264
24265
24267
24268
24269
24271
24272
24273
24276
24277
24279
24280
24281
24282
24284
24285
24286
24288
24289
24290
24293
24294
24296
24297
24298
24299
24302
24303
24305
24307
24310
24311
24313
24314
24315
24316
24318
24319
24320
24321
24323
24324
24325
24326
24328
24329
24330
24331
24333
24334
24335
24336
24338
24339
24340
24341
24342
24345
24348
24350
24351
24352
24355
24358
24360
24362
24364
24365
24366
24368
24370
24372
24373
24374
24376
24377
24378
24379
24382
24385
24387
24388
24389
24392
24394
24395
24397
24398
24399
24401
24402
24403
24405
24406
24407
24409
24410
24411
24413
24414
24415
24416
24418
24419
24420
24422
24423
24424
24427
24428
24430
24431
24432
24433
24435
24436
24437
24439
24440
24441
24443
24444
24445
24447
24448
24449
24450
24453
24454
24456
24457
24458
24460
24461
24462
24464
24465
24466
24467
24469
24470
24471
24472
24474
24475
24476
24477
24479
24480
24481
24482
24484
24485
24486
24487
24489
24490
24491
24492
24493
24495
24496
24497
24499
24501
24503
24504
24505
24507
24508
24509
24510
24512
24513
24514
24516
24518
24520
24521
24522
24524
24525
24526
24527
24530
24531
24535
24538
24539
24541
24542
24543
24544
24546
24547
24548
24549
24551
24552
24553
24554
24556
24557
24558
24559
24561
24562
24563
24564
24566
24567
24568
24569
24570
24572
24574
24576
24577
24578
24580
24581
24582
24584
24585
24586
24587
24589
24590
24591
24593
24594
24595
24597
24598
24599
24601
24602
24603
24604
24607
24608
24610
24611
24612
24614
24615
24616
24618
24619
24620
24621
24623
24624
24625
24626
24628
24629
24630
24631
24633
24634
24635
24636
24638
24639
24640
24641
24643
24644
24645
24646
24647
24650
24651
24653
24655
24658
24659
24661
24662
24663
24664
24667
24668
24670
24671
24672
24674
24675
24676
24678
24679
24680
24681
24684
24685
24687
24688
24689
24691
24692
24693
24695
24696
24697
24698
24700
24701
24702
24703
24705
24706
24707
24708
24710
24711
24712
24713
24715
24716
24717
24718
24720
24721
24722
24723
24724
24726
24727
24728
24729
24731
24732
24733
24734
24736
24737
24738
24739
24741
24742
24743
24744
24746
24747
24748
24749
24750
24752
24753
24754
24755
24757
24758
24759
24760
24762
24763
24764
24765
24767
24768
24769
24770
24772
24773
24774
24775
24776
24778
24779
24780
24781
24783
24784
24785
24786
24788
24789
24790
24791
24793
24794
24795
24796
24798
24799
24800
24801
24802
24804
24805
24806
24807
24809
24810
24811
24812
24814
24815
24816
24817
24819
24820
24821
24822
24824
24825
24826
24827
24828
24830
24831
24832
24833
24834
24836
24837
24838
24839
24840
24842
24843
24844
24845
24846
24848
24849
24850
24851
24852
24854
24855
24856
24857
24858
24860
24861
24862
24863
24864
24865
25071
25074
25076
25077
25078
25081
25084
25086
25088
25090
25091
25092
25094
25095
25096
25099
25100
25102
25103
25104
25105
25108
25111
25113
25115
25118
25121
25123
25124
25125
25127
25129
25131
25132
25133
25135
25136
25137
25139
25140
25141
25142
25144
25145
25146
25148
25150
25153
25154
25156
25157
25158
25159
25161
25163
25165
25167
25169
25171
25173
25174
25175
25176
25179
25180
25182
25183
25184
25187
25188
25190
25191
25192
25193
25195
25196
25197
25198
25200
25201
25202
25203
25205
25206
25207
25208
25210
25211
25212
25213
25215
25216
25217
25218
25219
25222
25225
25227
25228
25229
25232
25235
25237
25239
25241
25242
25243
25245
25247
25251
25253
25254
25255
25256
25259
25262
25264
25265
25266
25269
25271
25272
25274
25275
25276
25278
25280
25282
25283
25284
25286
25287
25288
25290
25291
25292
25293
25295
25297
25299
25301
25305
25307
25308
25309
25310
25312
25314
25316
25317
25318
25320
25321
25322
25324
25325
25326
25327
25331
25333
25334
25335
25337
25338
25339
25341
25342
25343
25344
25346
25347
25348
25349
25351
25352
25353
25354
25356
25357
25358
25359
25361
25362
25363
25364
25366
25367
25368
25369
25370
25372
25373
25374
25376
25377
25378
25381
25382
25384
25385
25386
25387
25389
25391
25393
25395
25399
25401
25402
25403
25404
25407
25408
25412
25415
25416
25418
25419
25420
25421
25423
25424
25425
25426
25428
25429
25430
25431
25433
25434
25435
25436
25438
25439
25440
25441
25443
25444
25445
25446
25447
25449
25450
25451
25453
25455
25459
25461
25462
25463
25464
25466
25468
25470
25471
25472
25474
25475
25476
25478
25479
25480
25481
25485
25487
25488
25489
25491
25492
25493
25495
25496
25497
25498
25500
25501
25502
25503
25505
25506
25507
25508
25510
25511
25512
25513
25515
25516
25517
25518
25520
25521
25522
25523
25524
25527
25528
25531
25532
25535
25536
25538
25539
25540
25541
25545
25547
25548
25549
25551
25552
25553
25555
25556
25557
25558
25561
25562
25564
25565
25566
25568
25569
25570
25572
25573
25574
25575
25577
25578
25579
25580
25582
25583
25584
25585
25587
25588
25589
25590
25592
25593
25594
25595
25597
25598
25599
25600
25601
25603
25604
25605
25606
25608
25609
25610
25611
25613
25614
25615
25616
25618
25619
25620
25621
25623
25624
25625
25626
25627
25629
25630
25631
25632
25634
25635
25636
25637
25639
25640
25641
25642
25644
25645
25646
25647
25649
25650
25651
25652
25653
25655
25656
25657
25658
25660
25661
25662
25663
25665
25666
25667
25668
25670
25671
25672
25673
25675
25676
25677
25678
25679
25681
25682
25683
25684
25686
25687
25688
25689
25691
25692
25693
25694
25696
25697
25698
25699
25701
25702
25703
25704
25705
25707
25708
25709
25710
25711
25713
25714
25715
25716
25717
25719
25720
25721
25722
25723
25725
25726
25727
25728
25729
25731
25732
25733
25734
25735
25737
25738
25739
25740
25741
25742
25951
25953
25954
25955
25961
25963
25965
25971
25972
25973
25976
25977
25979
25980
25981
25982
25985
25988
25990
25992
25995
25998
26000
26001
26002
26004
26006
26008
26010
26014
26016
26017
26018
26019
26021
26022
26023
26025
26027
26030
26031
26033
26034
26035
26036
26038
26039
26040
26042
26044
26048
26050
26051
26052
26053
26056
26057
26060
26061
26064
26065
26067
26068
26069
26070
26072
26073
26074
26075
26077
26078
26079
26080
26082
26083
26084
26085
26087
26088
26089
26090
26092
26093
26094
26095
26096
26102
26104
26106
26112
26114
26116
26122
26124
26128
26130
26131
26132
26133
26136
26139
26141
26142
26143
26146
26148
26149
26151
26152
26153
26155
26157
26159
26160
26161
26163
26164
26165
26167
26168
26169
26170
26172
26174
26176
26177
26178
26180
26181
26182
26184
26185
26186
26187
26189
26191
26193
26194
26195
26197
26198
26199
26201
26202
26203
26204
26208
26210
26211
26212
26214
26215
26216
26218
26219
26220
26221
26223
26224
26225
26226
26228
26229
26230
26231
26233
26234
26235
26236
26238
26239
26240
26241
26243
26244
26245
26246
26247
26253
26254
26255
26258
26259
26261
26262
26263
26264
26270
26272
26276
26278
26279
26280
26281
26289
26292
26293
26295
26296
26297
26298
26305
26306
26307
26308
26310
26311
26312
26313
26315
26316
26317
26318
26320
26321
26322
26323
26324
26326
26328
26330
26332
26334
26336
26338
26339
26340
26341
26343
26345
26347
26348
26349
26351
26352
26353
26355
26356
26357
26358
26362
26364
26365
26366
26368
26369
26370
26372
26373
26374
26375
26377
26378
26379
26380
26382
26383
26384
26385
26387
26388
26389
26390
26392
26393
26394
26395
26397
26398
26399
26400
26401
26404
26405
26407
26408
26409
26412
26413
26415
26416
26417
26418
26422
26424
26425
26426
26428
26429
26430
26432
26433
26434
26435
26438
26439
26441
26442
26443
26445
26446
26447
26449
26450
26451
26452
26454
26455
26456
26457
26459
26460
26461
26462
26464
26465
26466
26467
26469
26470
26471
26472
26474
26475
26476
26477
26478
26480
26481
26482
26483
26485
26486
26487
26488
26490
26491
26492
26493
26495
26496
26497
26498
26500
26501
26502
26503
26504
26506
26507
26508
26509
26511
26512
26513
26514
26516
26517
26518
26519
26521
26522
26523
26524
26526
26527
26528
26529
26530
26532
26533
26534
26535
26537
26538
26539
26540
26542
26543
26544
26545
26547
26548
26549
26550
26552
26553
26554
26555
26556
26558
26559
26560
26561
26563
26564
26565
26566
26568
26569
26570
26571
26573
26574
26575
26576
26578
26579
26580
26581
26582
26584
26585
26586
26587
26588
26590
26591
26592
26593
26594
26596
26597
26598
26599
26600
26602
26603
26604
26605
26606
26608
26609
26610
26611
26612
26614
26615
26616
26617
26618
26619
26825
26828
26830
26831
26832
26835
26838
26840
26841
26842
26844
26845
26846
26848
26850
26853
26854
26856
26857
26858
26859
26862
26865
26867
26868
26869
26872
26875
26877
26878
26879
26881
26882
26883
26885
26886
26887
26890
26891
26893
26894
26895
26896
26898
26899
26900
26902
26904
26907
26908
26910
26911
26912
26913
26915
26917
26919
26920
26921
26923
26925
26927
26928
26929
26930
26932
26933
26934
26936
26937
26938
26941
26942
26944
26945
26946
26947
26949
26950
26951
26952
26954
26955
26956
26957
26959
26960
26961
26962
26964
26965
26966
26967
26969
26970
26971
26972
26973
26976
26979
26981
26982
26983
26986
26989
26991
26992
26993
26995
26996
26997
26999
27000
27001
27004
27005
27007
27008
27009
27010
27013
27016
27018
27019
27020
27023
27025
27026
27028
27029
27030
27032
27034
27036
27037
27038
27040
27041
27042
27044
27045
27046
27047
27049
27050
27051
27053
27054
27055
27058
27059
27061
27062
27063
27064
27066
27068
27070
27071
27072
27074
27075
27076
27078
27079
27080
27081
27083
27084
27085
27087
27088
27089
27091
27092
27093
27095
27096
27097
27098
27100
27101
27102
27103
27105
27106
27107
27108
27110
27111
27112
27113
27115
27116
27117
27118
27120
27121
27122
27123
27124
27126
27127
27128
27130
27132
27135
27136
27138
27139
27140
27141
27143
27145
27147
27148
27149
27151
27153
27155
27156
27157
27158
27160
27161
27162
27164
27165
27166
27169
27170
27172
27173
27174
27175
27177
27178
27179
27180
27182
27183
27184
27185
27187
27188
27189
27190
27192
27193
27194
27195
27197
27198
27199
27200
27201
27203
27204
27205
27207
27208
27209
27212
27213
27215
27216
27217
27218
27220
27222
27224
27225
27226
27228
27229
27230
27232
27233
27234
27235
27237
27238
27239
27241
27242
27243
27245
27246
27247
27249
27250
27251
27252
27254
27255
27256
27257
27259
27260
27261
27262
27264
27265
27266
27267
27269
27270
27271
27272
27274
27275
27276
27277
27278
27281
27282
27285
27286
27289
27290
27292
27293
27294
27295
27299
27301
27302
27303
27305
27306
27307
27309
27310
27311
27312
27315
27316
27318
27319
27320
27322
27323
27324
27326
27327
27328
27329
27331
27332
27333
27334
27336
27337
27338
27339
27341
27342
27343
27344
27346
27347
27348
27349
27351
27352
27353
27354
27355
27357
27358
27359
27360
27362
27363
27364
27365
27367
27368
27369
27370
27372
27373
27374
27375
27377
27378
27379
27380
27381
27383
27384
27385
27386
27388
27389
27390
27391
27393
27394
27395
27396
27398
27399
27400
27401
27403
27404
27405
27406
27407
27409
27410
27411
27412
27414
27415
27416
27417
27419
27420
27421
27422
27424
27425
27426
27427
27429
27430
27431
27432
27433
27435
27436
27437
27438
27440
27441
27442
27443
27445
27446
27447
27448
27450
27451
27452
27453
27455
27456
27457
27458
27459
27461
27462
27463
27464
27465
27467
27468
27469
27470
27471
27473
27474
27475
27476
27477
27479
27480
27481
27482
27483
27485
27486
27487
27488
27489
27491
27492
27493
27494
27495
27496
27705
27707
27708
27709
27712
27715
27717
27718
27719
27721
27722
27723
27725
27726
27727
27730
27731
27733
27734
27735
27736
27742
27744
27746
27749
27752
27754
27756
27758
27760
27762
27764
27768
27770
27771
27772
27773
27779
27780
27781
27784
27785
27787
27788
27789
27790
27792
27793
27794
27796
27798
27802
27804
27805
27806
27807
27810
27811
27815
27818
27819
27821
27822
27823
27824
27826
27827
27828
27829
27831
27832
27833
27834
27836
27837
27838
27839
27841
27842
27843
27844
27846
27847
27848
27849
27850
27856
27858
27860
27866
27868
27870
27872
27873
27874
27876
27878
27882
27884
27885
27886
27887
27893
27895
27896
27897
27900
27902
27903
27905
27906
27907
27909
27910
27911
27913
27914
27915
27917
27918
27919
27921
27922
27923
27924
27930
27931
27932
27936
27938
27939
27940
27941
27943
27944
27945
27947
27948
27949
27951
27952
27953
27955
27956
27957
27958
27962
27964
27965
27966
27968
27969
27970
27972
27973
27974
27975
27977
27978
27979
27980
27982
27983
27984
27985
27987
27988
27989
27990
27992
27993
27994
27995
27997
27998
27999
28000
28001
28007
28008
28009
28012
28013
28015
28016
28017
28018
28020
28021
28022
28024
28026
28030
28032
28033
28034
28035
28038
28039
28043
28046
28047
28049
28050
28051
28052
28054
28055
28056
28057
28059
28060
28061
28062
28064
28065
28066
28067
28069
28070
28071
28072
28074
28075
28076
28077
28078
28084
28086
28088
28090
28092
28093
28094
28095
28097
28099
28101
28102
28103
28105
28106
28107
28109
28110
28111
28112
28114
28116
28118
28119
28120
28122
28123
28124
28126
28127
28128
28129
28131
28132
28133
28134
28136
28137
28138
28139
28141
28142
28143
28144
28146
28147
28148
28149
28151
28152
28153
28154
28155
28161
28163
28166
28167
28169
28170
28171
28172
28174
28176
28178
28179
28180
28182
28183
28184
28186
28187
28188
28189
28192
28193
28195
28196
28197
28199
28200
28201
28203
28204
28205
28206
28208
28209
28210
28211
28213
28214
28215
28216
28218
28219
28220
28221
28223
28224
28225
28226
28228
28229
28230
28231
28232
28239
28240
28241
28242
28244
28245
28246
28247
28249
28250
28251
28252
28254
28255
28256
28257
28258
28260
28261
28262
28263
28265
28266
28267
28268
28270
28271
28272
28273
28275
28276
28277
28278
28280
28281
28282
28283
28284
28286
28287
28288
28289
28291
28292
28293
28294
28296
28297
28298
28299
28301
28302
28303
28304
28306
28307
28308
28309
28310
28312
28313
28314
28315
28317
28318
28319
28320
28322
28323
28324
28325
28327
28328
28329
28330
28332
28333
28334
28335
28336
28338
28339
28340
28341
28342
28344
28345
28346
28347
28348
28350
28351
28352
28353
28354
28356
28357
28358
28359
28360
28362
28363
28364
28365
28366
28368
28369
28370
28371
28372
28373
28582
28584
28585
28586
28589
28592
28594
28596
28598
28599
28600
28602
28604
28607
28608
28610
28611
28612
28613
28619
28621
28623
28629
28631
28633
28635
28637
28639
28641
28645
28647
28648
28649
28650
28656
28658
28661
28662
28664
28665
28666
28667
28669
28671
28673
28675
28679
28681
28682
28683
28684
28687
28688
28692
28695
28696
28698
28699
28700
28701
28703
28704
28705
28706
28708
28709
28710
28711
28713
28714
28715
28716
28718
28719
28720
28721
28723
28724
28725
28726
28727
28733
28735
28737
28743
28745
28746
28747
28749
28751
28753
28754
28755
28758
28759
28761
28762
28763
28764
28772
28773
28774
28777
28779
28780
28782
28783
28784
28786
28787
28788
28790
28791
28792
28794
28795
28796
28798
28799
28800
28801
28807
28809
28812
28813
28815
28816
28817
28818
28820
28822
28824
28825
28826
28828
28829
28830
28832
28833
28834
28835
28838
28839
28841
28842
28843
28845
28846
28847
28849
28850
28851
28852
28854
28855
28856
28857
28859
28860
28861
28862
28864
28865
28866
28867
28869
28870
28871
28872
28874
28875
28876
28877
28878
28884
28886
28889
28890
28892
28893
28894
28895
28897
28899
28901
28902
28903
28906
28907
28909
28910
28911
28912
28915
28916
28919
28920
28923
28924
28926
28927
28928
28929
28931
28932
28933
28934
28936
28937
28938
28939
28941
28942
28943
28944
28946
28947
28948
28949
28951
28952
28953
28954
28955
28961
28962
28963
28965
28967
28969
28970
28971
28972
28974
28975
28976
28978
28979
28980
28982
28983
28984
28986
28987
28988
28989
28991
28993
28995
28996
28997
28999
29000
29001
29003
29004
29005
29006
29008
29009
29010
29011
29013
29014
29015
29016
29018
29019
29020
29021
29023
29024
29025
29026
29028
29029
29030
29031
29032
29039
29040
29043
29044
29046
29047
29048
29049
29052
29053
29055
29056
29057
29059
29060
29061
29063
29064
29065
29066
29069
29070
29072
29073
29074
29076
29077
29078
29080
29081
29082
29083
29085
29086
29087
29088
29090
29091
29092
29093
29095
29096
29097
29098
29100
29101
29102
29103
29105
29106
29107
29108
29109
29116
29117
29118
29119
29121
29122
29123
29124
29126
29127
29128
29129
29131
29132
29133
29134
29135
29137
29138
29139
29140
29142
29143
29144
29145
29147
29148
29149
29150
29152
29153
29154
29155
29157
29158
29159
29160
29161
29163
29164
29165
29166
29168
29169
29170
29171
29173
29174
29175
29176
29178
29179
29180
29181
29183
29184
29185
29186
29187
29189
29190
29191
29192
29194
29195
29196
29197
29199
29200
29201
29202
29204
29205
29206
29207
29209
29210
29211
29212
29213
29215
29216
29217
29218
29219
29221
29222
29223
29224
29225
29227
29228
29229
29230
29231
29233
29234
29235
29236
29237
29239
29240
29241
29242
29243
29245
29246
29247
29248
29249
29250
29456
29459
29461
29462
29463
29466
29469
29471
29473
29475
29476
29477
29479
29481
29483
29484
29485
29487
29488
29489
29490
29493
29496
29498
29499
29500
29503
29506
29508
29510
29512
29514
29516
29518
29521
29522
29524
29525
29526
29527
29529
29530
29531
29533
29535
29538
29539
29541
29542
29543
29544
29546
29548
29550
29552
29556
29558
29559
29560
29561
29564
29565
29569
29571
29572
29573
29575
29576
29577
29578
29580
29581
29582
29583
29585
29586
29587
29588
29590
29591
29592
29593
29595
29596
29597
29598
29600
29601
29602
29603
29604
29607
29610
29612
29613
29614
29617
29620
29622
29624
29626
29628
29630
29632
29636
29638
29639
29640
29641
29644
29647
29649
29651
29654
29656
29657
29659
29660
29661
29663
29665
29667
29668
29669
29671
29672
29673
29675
29676
29677
29678
29680
29682
29684
29686
29690
29692
29693
29694
29695
29697
29699
29701
29702
29703
29705
29706
29707
29709
29710
29711
29712
29714
29715
29716
29718
29719
29720
29722
29723
29724
29726
29727
29728
29729
29731
29732
29733
29734
29736
29737
29738
29739
29741
29742
29743
29744
29746
29747
29748
29749
29751
29752
29753
29754
29755
29757
29758
29759
29761
29763
29766
29767
29769
29770
29771
29772
29774
29776
29778
29780
29784
29786
29787
29788
29789
29791
29792
29793
29797
29800
29801
29803
29804
29805
29806
29808
29809
29810
29811
29813
29814
29815
29816
29818
29819
29820
29821
29823
29824
29825
29826
29828
29829
29830
29831
29832
29834
29836
29838
29840
29844
29846
29847
29848
29849
29851
29853
29855
29856
29857
29859
29860
29861
29863
29864
29865
29866
29868
29869
29870
29872
29873
29874
29876
29877
29878
29880
29881
29882
29883
29885
29886
29887
29888
29890
29891
29892
29893
29895
29896
29897
29898
29900
29901
29902
29903
29905
29906
29907
29908
29909
29912
29913
29917
29919
29920
29921
29923
29924
29925
29926
29928
29930
29932
29933
29934
29936
29937
29938
29940
29941
29942
29943
29946
29947
29949
29950
29951
29953
29954
29955
29957
29958
29959
29960
29962
29963
29964
29965
29967
29968
29969
29970
29972
29973
29974
29975
29977
29978
29979
29980
29982
29983
29984
29985
29986
29988
29989
29990
29991
29993
29994
29995
29996
29998
29999
30000
30001
30003
30004
30005
30006
30008
30009
30010
30011
30012
30014
30015
30016
30017
30019
30020
30021
30022
30024
30025
30026
30027
30029
30030
30031
30032
30034
30035
30036
30037
30038
30040
30041
30042
30043
30045
30046
30047
30048
30050
30051
30052
30053
30055
30056
30057
30058
30060
30061
30062
30063
30064
30066
30067
30068
30069
30071
30072
30073
30074
30076
30077
30078
30079
30081
30082
30083
30084
30086
30087
30088
30089
30090
30092
30093
30094
30095
30096
30098
30099
30100
30101
30102
30104
30105
30106
30107
30108
30110
30111
30112
30113
30114
30116
30117
30118
30119
30120
30122
30123
30124
30125
30126
30127
30333
30336
30338
30339
30340
30343
30346
30348
30350
30352
30353
30354
30356
30358
30361
30362
30364
30365
30366
30367
30370
30373
30375
30377
30380
30383
30385
30386
30387
30389
30390
30391
30393
30395
30397
30398
30399
30401
30402
30403
30404
30406
30407
30408
30410
30412
30415
30416
30418
30419
30420
30421
30423
30425
30427
30428
30429
30431
30433
30435
30436
30437
30438
30441
30442
30444
30446
30448
30449
30450
30452
30453
30454
30455
30457
30458
30459
30460
30462
30463
30464
30465
30467
30468
30469
30470
30472
30473
30474
30475
30477
30478
30479
30480
30481
30484
30487
30489
30491
30494
30497
30499
30501
30503
30505
30507
30509
30513
30515
30516
30517
30518
30521
30524
30526
30527
30528
30531
30533
30534
30536
30537
30538
30540
30541
30542
30544
30545
30546
30548
30549
30550
30552
30553
30554
30555
30557
30559
30561
30562
30563
30565
30567
30569
30570
30571
30572
30574
30576
30578
30579
30580
30582
30583
30584
30586
30587
30588
30589
30593
30595
30596
30597
30599
30600
30601
30603
30604
30605
30606
30608
30609
30610
30611
30613
30614
30615
30616
30618
30619
30620
30621
30623
30624
30625
30626
30628
30629
30630
30631
30632
30634
30635
30636
30638
30640
30643
30644
30646
30647
30648
30649
30651
30653
30655
30657
30659
30661
30663
30664
30665
30666
30668
30669
30670
30674
30677
30678
30680
30681
30682
30683
30685
30686
30687
30688
30690
30691
30692
30693
30695
30696
30697
30698
30700
30701
30702
30703
30705
30706
30707
30708
30709
30711
30713
30715
30717
30719
30720
30721
30723
30724
30725
30726
30728
30730
30732
30733
30734
30736
30737
30738
30740
30741
30742
30743
30747
30749
30750
30751
30753
30754
30755
30757
30758
30759
30760
30762
30763
30764
30765
30767
30768
30769
30770
30772
30773
30774
30775
30777
30778
30779
30780
30782
30783
30784
30785
30786
30789
30790
30792
30794
30796
30797
30798
30800
30801
30802
30803
30807
30809
30810
30811
30813
30814
30815
30817
30818
30819
30820
30823
30824
30826
30827
30828
30830
30831
30832
30834
30835
30836
30837
30839
30840
30841
30842
30844
30845
30846
30847
30849
30850
30851
30852
30854
30855
30856
30857
30859
30860
30861
30862
30863
30865
30866
30867
30868
30870
30871
30872
30873
30875
30876
30877
30878
30880
30881
30882
30883
30885
30886
30887
30888
30889
30891
30892
30893
30894
30896
30897
30898
30899
30901
30902
30903
30904
30906
30907
30908
30909
30911
30912
30913
30914
30915
30917
30918
30919
30920
30922
30923
30924
30925
30927
30928
30929
30930
30932
30933
30934
30935
30937
30938
30939
30940
30941
30943
30944
30945
30946
30948
30949
30950
30951
30953
30954
30955
30956
30958
30959
30960
30961
30963
30964
30965
30966
30967
30969
30970
30971
30972
30973
30975
30976
30977
30978
30979
30981
30982
30983
30984
30985
30987
30988
30989
30990
30991
30993
30994
30995
30996
30997
30999
31000
31001
31002
31003
31004
31210
31213
31215
31216
31217
31220
31223
31225
31227
31229
31230
31231
31233
31235
31237
31238
31239
31241
31242
31243
31244
31247
31250
31252
31254
31257
31260
31262
31264
31266
31268
31270
31272
31276
31278
31279
31280
31281
31283
31284
31285
31287
31289
31291
31292
31293
31295
31296
31297
31298
31300
31302
31304
31306
31310
31312
31313
31314
31315
31318
31319
31323
31326
31327
31329
31330
31331
31332
31334
31335
31336
31337
31339
31340
31341
31342
31344
31345
31346
31347
31349
31350
31351
31352
31354
31355
31356
31357
31358
31361
31364
31366
31367
31368
31371
31374
31376
31378
31380
31381
31382
31384
31386
31390
31392
31393
31394
31395
31398
31401
31403
31405
31408
31410
31411
31413
31414
31415
31417
31419
31421
31422
31423
31425
31426
31427
31429
31430
31431
31432
31434
31435
31436
31438
31440
31444
31446
31447
31448
31449
31451
31453
31455
31456
31457
31459
31460
31461
31463
31464
31465
31466
31470
31472
31473
31474
31476
31477
31478
31480
31481
31482
31483
31485
31486
31487
31488
31490
31491
31492
31493
31495
31496
31497
31498
31500
31501
31502
31503
31505
31506
31507
31508
31509
31511
31512
31513
31515
31517
31520
31521
31523
31524
31525
31526
31528
31530
31532
31534
31538
31540
31541
31542
31543
31545
31546
31547
31551
31554
31555
31557
31558
31559
31560
31562
31563
31564
31565
31567
31568
31569
31570
31572
31573
31574
31575
31577
31578
31579
31580
31582
31583
31584
31585
31586
31588
31590
31592
31594
31598
31600
31601
31602
31603
31605
31607
31609
31610
31611
31613
31614
31615
31617
31618
31619
31620
31624
31626
31627
31628
31630
31631
31632
31634
31635
31636
31637
31639
31640
31641
31642
31644
31645
31646
31647
31649
31650
31651
31652
31654
31655
31656
31657
31659
31660
31661
31662
31663
31665
31666
31667
31671
31674
31675
31677
31678
31679
31680
31684
31686
31687
31688
31690
31691
31692
31694
31695
31696
31697
31700
31701
31703
31704
31705
31707
31708
31709
31711
31712
31713
31714
31716
31717
31718
31719
31721
31722
31723
31724
31726
31727
31728
31729
31731
31732
31733
31734
31736
31737
31738
31739
31740
31742
31743
31744
31745
31747
31748
31749
31750
31752
31753
31754
31755
31757
31758
31759
31760
31762
31763
31764
31765
31766
31768
31769
31770
31771
31773
31774
31775
31776
31778
31779
31780
31781
31783
31784
31785
31786
31788
31789
31790
31791
31792
31794
31795
31796
31797
31799
31800
31801
31802
31804
31805
31806
31807
31809
31810
31811
31812
31814
31815
31816
31817
31818
31820
31821
31822
31823
31825
31826
31827
31828
31830
31831
31832
31833
31835
31836
31837
31838
31840
31841
31842
31843
31844
31846
31847
31848
31849
31850
31852
31853
31854
31855
31856
31858
31859
31860
31861
31862
31864
31865
31866
31867
31868
31870
31871
31872
31873
31874
31876
31877
31878
31879
31880
31881
32087
32090
32092
32093
32094
32097
32100
32102
32104
32106
32107
32108
32110
32112
32115
32116
32118
32119
32120
32121
32124
32127
32129
32130
32131
32134
32137
32139
32141
32143
32145
32147
32149
32153
32155
32156
32157
32158
32160
32161
32162
32164
32165
32166
32169
32170
32172
32173
32174
32175
32177
32179
32181
32183
32187
32189
32190
32191
32192
32194
32195
32196
32200
32203
32204
32206
32207
32208
32209
32211
32212
32213
32214
32216
32217
32218
32219
32221
32222
32223
32224
32226
32227
32228
32229
32231
32232
32233
32234
32235
32238
32241
32243
32245
32248
32251
32253
32254
32255
32257
32259
32261
32263
32265
32266
32267
32269
32270
32271
32272
32275
32278
32282
32285
32287
32288
32290
32291
32292
32296
32298
32299
32300
32302
32303
32304
32306
32307
32308
32309
32311
32312
32313
32315
32316
32317
32320
32321
32323
32324
32325
32326
32328
32330
32332
32333
32334
32336
32337
32338
32340
32341
32342
32343
32346
32347
32349
32350
32351
32353
32354
32355
32357
32358
32359
32360
32362
32363
32364
32365
32367
32368
32369
32370
32372
32373
32374
32375
32377
32378
32379
32380
32382
32383
32384
32385
32386
32388
32389
32390
32392
32394
32397
32398
32400
32401
32402
32403
32405
32407
32409
32411
32413
32415
32417
32418
32419
32420
32423
32424
32426
32427
32428
32430
32431
32432
32434
32435
32436
32437
32439
32440
32441
32442
32444
32445
32446
32447
32449
32450
32451
32452
32454
32455
32456
32457
32459
32460
32461
32462
32463
32465
32467
32469
32471
32473
32474
32475
32477
32478
32479
32480
32482
32484
32486
32487
32488
32490
32491
32492
32494
32495
32496
32497
32501
32503
32504
32505
32507
32508
32509
32511
32512
32513
32514
32516
32517
32518
32519
32521
32522
32523
32524
32526
32527
32528
32529
32531
32532
32533
32534
32536
32537
32538
32539
32540
32543
32544
32547
32548
32550
32551
32552
32554
32555
32556
32557
32559
32561
32563
32564
32565
32567
32568
32569
32571
32572
32573
32574
32577
32578
32580
32581
32582
32584
32585
32586
32588
32589
32590
32591
32593
32594
32595
32596
32598
32599
32600
32601
32603
32604
32605
32606
32608
32609
32610
32611
32613
32614
32615
32616
32617
32619
32620
32621
32622
32624
32625
32626
32627
32629
32630
32631
32632
32634
32635
32636
32637
32639
32640
32641
32642
32643
32645
32646
32647
32648
32650
32651
32652
32653
32655
32656
32657
32658
32660
32661
32662
32663
32665
32666
32667
32668
32669
32671
32672
32673
32674
32676
32677
32678
32679
32681
32682
32683
32684
32686
32687
32688
32689
32691
32692
32693
32694
32695
32697
32698
32699
32700
32702
32703
32704
32705
32707
32708
32709
32710
32712
32713
32714
32715
32717
32718
32719
32720
32721
32723
32724
32725
32726
32727
32729
32730
32731
32732
32733
32735
32736
32737
32738
32739
32741
32742
32743
32744
32745
32747
32748
32749
32750
32751
32753
32754
32755
32756
32757
32758
32964
32967
32969
32970
32971
32974
32977
32979
32981
32983
32984
32985
32987
32989
32992
32993
32995
32996
32997
32998
33001
33004
33006
33007
33008
33011
33014
33016
33018
33022
33024
33025
33026
33028
33030
33032
33033
33034
33035
33037
33038
33039
33041
33043
33045
33046
33047
33049
33050
33051
33052
33054
33056
33058
33059
33060
33062
33064
33066
33067
33068
33069
33072
33073
33075
33077
33080
33081
33083
33084
33085
33086
33088
33089
33090
33091
33093
33094
33095
33096
33098
33099
33100
33101
33103
33104
33105
33106
33108
33109
33110
33111
33112
33115
33118
33120
33121
33122
33125
33128
33130
33131
33132
33134
33136
33138
33139
33140
33143
33144
33146
33147
33148
33149
33152
33155
33157
33159
33162
33164
33165
33167
33168
33169
33171
33172
33173
33175
33176
33177
33179
33180
33181
33183
33184
33185
33186
33188
33189
33190
33192
33194
33198
33200
33201
33202
33203
33205
33206
33207
33209
33210
33211
33213
33214
33215
33217
33218
33219
33220
33223
33224
33226
33227
33228
33230
33231
33232
33234
33235
33236
33237
33239
33240
33241
33242
33244
33245
33246
33247
33249
33250
33251
33252
33254
33255
33256
33257
33259
33260
33261
33262
33263
33265
33266
33267
33269
33270
33271
33274
33275
33277
33278
33279
33280
33282
33284
33286
33287
33288
33292
33294
33295
33296
33297
33300
33301
33303
33304
33305
33307
33308
33309
33311
33312
33313
33314
33316
33317
33318
33319
33321
33322
33323
33324
33326
33327
33328
33329
33331
33332
33333
33334
33336
33337
33338
33339
33340
33342
33344
33346
33348
33352
33354
33355
33356
33357
33359
33361
33363
33364
33365
33367
33368
33369
33371
33372
33373
33374
33376
33378
33380
33381
33382
33384
33385
33386
33388
33389
33390
33391
33393
33394
33395
33396
33398
33399
33400
33401
33403
33404
33405
33406
33408
33409
33410
33411
33413
33414
33415
33416
33417
33420
33421
33425
33428
33429
33431
33432
33433
33434
33438
33440
33441
33442
33444
33445
33446
33448
33449
33450
33451
33453
33454
33455
33457
33458
33459
33461
33462
33463
33465
33466
33467
33468
33470
33471
33472
33473
33475
33476
33477
33478
33480
33481
33482
33483
33485
33486
33487
33488
33490
33491
33492
33493
33494
33496
33497
33498
33499
33501
33502
33503
33504
33506
33507
33508
33509
33511
33512
33513
33514
33516
33517
33518
33519
33520
33522
33523
33524
33525
33527
33528
33529
33530
33532
33533
33534
33535
33537
33538
33539
33540
33542
33543
33544
33545
33546
33548
33549
33550
33551
33553
33554
33555
33556
33558
33559
33560
33561
33563
33564
33565
33566
33568
33569
33570
33571
33572
33574
33575
33576
33577
33579
33580
33581
33582
33584
33585
33586
33587
33589
33590
33591
33592
33594
33595
33596
33597
33598
33600
33601
33602
33603
33604
33606
33607
33608
33609
33610
33612
33613
33614
33615
33616
33618
33619
33620
33621
33622
33624
33625
33626
33627
33628
33630
33631
33632
33633
33634
33635
33841
33844
33846
33847
33848
33851
33854
33858
33860
33861
33862
33864
33866
33869
33870
33872
33873
33874
33875
33878
33881
33885
33888
33891
33893
33894
33895
33897
33899
33901
33903
33905
33906
33907
33909
33910
33911
33912
33914
33915
33916
33918
33920
33922
33923
33924
33926
33927
33928
33929
33931
33932
33933
33935
33937
33939
33940
33941
33943
33944
33945
33946
33949
33950
33954
33956
33957
33958
33960
33961
33962
33963
33965
33966
33967
33968
33970
33971
33972
33973
33975
33976
33977
33978
33980
33981
33982
33983
33985
33986
33987
33988
33989
33992
33995
33997
33999
34002
34005
34007
34008
34009
34011
34013
34015
34017
34019
34020
34021
34023
34024
34025
34026
34029
34032
34034
34036
34039
34041
34042
34044
34045
34046
34048
34050
34052
34053
34054
34056
34057
34058
34060
34061
34062
34063
34065
34066
34067
34069
34071
34075
34077
34078
34079
34080
34082
34084
34086
34087
34088
34090
34091
34092
34094
34095
34096
34097
34101
34103
34104
34105
34107
34108
34109
34111
34112
34113
34114
34116
34117
34118
34119
34121
34122
34123
34124
34126
34127
34128
34129
34131
34132
34133
34134
34136
34137
34138
34139
34140
34142
34143
34144
34146
34148
34150
34151
34152
34154
34155
34156
34157
34159
34160
34161
34163
34165
34167
34168
34169
34171
34172
34173
34174
34177
34178
34182
34184
34185
34186
34188
34189
34190
34191
34193
34194
34195
34196
34198
34199
34200
34201
34203
34204
34205
34206
34208
34209
34210
34211
34213
34214
34215
34216
34217
34219
34220
34221
34223
34225
34229
34231
34232
34233
34234
34236
34238
34240
34241
34242
34244
34245
34246
34248
34249
34250
34251
34255
34257
34258
34259
34261
34262
34263
34265
34266
34267
34268
34270
34271
34272
34273
34275
34276
34277
34278
34280
34281
34282
34283
34285
34286
34287
34288
34290
34291
34292
34293
34294
34297
34298
34302
34305
34306
34308
34309
34310
34311
34315
34317
34318
34319
34321
34322
34323
34325
34326
34327
34328
34331
34332
34334
34335
34336
34338
34339
34340
34342
34343
34344
34345
34347
34348
34349
34350
34352
34353
34354
34355
34357
34358
34359
34360
34362
34363
34364
34365
34367
34368
34369
34370
34371
34373
34374
34375
34376
34378
34379
34380
34381
34383
34384
34385
34386
34388
34389
34390
34391
34393
34394
34395
34396
34397
34399
34400
34401
34402
34404
34405
34406
34407
34409
34410
34411
34412
34414
34415
34416
34417
34419
34420
34421
34422
34423
34425
34426
34427
34428
34430
34431
34432
34433
34435
34436
34437
34438
34440
34441
34442
34443
34445
34446
34447
34448
34449
34451
34452
34453
34454
34456
34457
34458
34459
34461
34462
34463
34464
34466
34467
34468
34469
34471
34472
34473
34474
34475
34477
34478
34479
34480
34481
34483
34484
34485
34486
34487
34489
34490
34491
34492
34493
34495
34496
34497
34498
34499
34501
34502
34503
34504
34505
34507
34508
34509
34510
34511
34512
34718
34721
34723
34724
34725
34728
34731
34733
34735
34737
34738
34739
34741
34743
34745
34746
34747
34749
34750
34751
34752
34755
34758
34760
34761
34762
34765
34768
34770
34771
34772
34774
34776
34780
34782
34784
34786
34787
34788
34789
34791
34792
34793
34795
34797
34799
34800
34801
34803
34804
34805
34806
34808
34810
34812
34814
34818
34820
34821
34822
34823
34825
34826
34827
34831
34834
34835
34837
34838
34839
34840
34842
34843
34844
34845
34847
34848
34849
34850
34852
34853
34854
34855
34857
34858
34859
34860
34862
34863
34864
34865
34866
34869
34872
34874
34875
34876
34879
34882
34884
34886
34890
34892
34894
34897
34898
34900
34901
34902
34903
34906
34909
34911
34913
34916
34918
34919
34921
34922
34923
34925
34926
34927
34929
34930
34931
34933
34934
34935
34937
34938
34939
34940
34942
34944
34946
34948
34952
34954
34955
34956
34957
34959
34961
34963
34964
34965
34967
34968
34969
34971
34972
34973
34974
34976
34977
34978
34980
34981
34982
34984
34985
34986
34988
34989
34990
34991
34993
34994
34995
34996
34998
34999
35000
35001
35003
35004
35005
35006
35008
35009
35010
35011
35013
35014
35015
35016
35017
35019
35020
35021
35023
35025
35027
35028
35029
35031
35032
35033
35034
35037
35038
35040
35042
35044
35046
35048
35049
35050
35051
35054
35055
35059
35062
35063
35065
35066
35067
35068
35070
35071
35072
35073
35075
35076
35077
35078
35080
35081
35082
35083
35085
35086
35087
35088
35090
35091
35092
35093
35094
35096
35098
35102
35106
35108
35109
35110
35111
35113
35114
35115
35117
35118
35119
35121
35122
35123
35125
35126
35127
35128
35130
35131
35132
35134
35135
35136
35138
35139
35140
35142
35143
35144
35145
35147
35148
35149
35150
35152
35153
35154
35155
35157
35158
35159
35160
35162
35163
35164
35165
35167
35168
35169
35170
35171
35173
35174
35175
35179
35182
35183
35185
35186
35187
35188
35191
35192
35194
35195
35196
35198
35199
35200
35202
35203
35204
35205
35208
35209
35211
35212
35213
35215
35216
35217
35219
35220
35221
35222
35224
35225
35226
35227
35229
35230
35231
35232
35234
35235
35236
35237
35239
35240
35241
35242
35244
35245
35246
35247
35248
35250
35251
35252
35253
35255
35256
35257
35258
35260
35261
35262
35263
35265
35266
35267
35268
35270
35271
35272
35273
35274
35276
35277
35278
35279
35281
35282
35283
35284
35286
35287
35288
35289
35291
35292
35293
35294
35296
35297
35298
35299
35300
35302
35303
35304
35305
35307
35308
35309
35310
35312
35313
35314
35315
35317
35318
35319
35320
35322
35323
35324
35325
35326
35328
35329
35330
35331
35333
35334
35335
35336
35338
35339
35340
35341
35343
35344
35345
35346
35348
35349
35350
35351
35352
35354
35355
35356
35357
35358
35360
35361
35362
35363
35364
35366
35367
35368
35369
35370
35372
35373
35374
35375
35376
35378
35379
35380
35381
35382
35384
35385
35386
35387
35388
35389
35595
35598
35600
35601
35602
35605
35608
35610
35611
35612
35614
35615
35616
35618
35620
35622
35623
35624
35626
35627
35628
35629
35632
35635
35637
35639
35642
35645
35647
35649
35651
35652
35653
35655
35657
35659
35661
35663
35664
35665
35666
35668
35669
35670
35672
35674
35676
35677
35678
35680
35681
35682
35683
35686
35687
35689
35691
35694
35695
35697
35698
35699
35700
35703
35704
35708
35711
35712
35714
35715
35716
35717
35719
35720
35721
35722
35724
35725
35726
35727
35729
35730
35731
35732
35734
35735
35736
35737
35739
35740
35741
35742
35743
35746
35749
35751
35752
35753
35756
35759
35761
35763
35765
35767
35769
35771
35775
35777
35778
35779
35780
35783
35786
35788
35789
35790
35793
35795
35796
35798
35799
35800
35802
35803
35804
35806
35807
35808
35810
35811
35812
35814
35815
35816
35817
35819
35821
35823
35825
35827
35829
35831
35832
35833
35834
35837
35838
35840
35841
35842
35844
35845
35846
35848
35849
35850
35851
35853
35854
35855
35857
35858
35859
35861
35862
35863
35865
35866
35867
35868
35870
35871
35872
35873
35875
35876
35877
35878
35880
35881
35882
35883
35885
35886
35887
35888
35890
35891
35892
35893
35894
35896
35897
35898
35900
35902
35904
35905
35906
35908
35909
35910
35911
35913
35915
35917
35919
35923
35925
35926
35927
35928
35930
35931
35932
35936
35939
35940
35942
35943
35944
35945
35947
35948
35949
35950
35952
35953
35954
35955
35957
35958
35959
35960
35962
35963
35964
35965
35967
35968
35969
35970
35971
35973
35975
35977
35979
35983
35985
35986
35987
35988
35990
35992
35994
35995
35996
35998
35999
36000
36002
36003
36004
36005
36008
36009
36011
36012
36013
36015
36016
36017
36019
36020
36021
36022
36024
36025
36026
36027
36029
36030
36031
36032
36034
36035
36036
36037
36039
36040
36041
36042
36044
36045
36046
36047
36048
36050
36051
36052
36056
36059
36060
36062
36063
36064
36065
36067
36068
36069
36071
36072
36073
36075
36076
36077
36079
36080
36081
36082
36085
36086
36088
36089
36090
36092
36093
36094
36096
36097
36098
36099
36101
36102
36103
36104
36106
36107
36108
36109
36111
36112
36113
36114
36116
36117
36118
36119
36121
36122
36123
36124
36125
36127
36128
36129
36130
36132
36133
36134
36135
36137
36138
36139
36140
36142
36143
36144
36145
36147
36148
36149
36150
36151
36153
36154
36155
36156
36158
36159
36160
36161
36163
36164
36165
36166
36168
36169
36170
36171
36173
36174
36175
36176
36177
36179
36180
36181
36182
36184
36185
36186
36187
36189
36190
36191
36192
36194
36195
36196
36197
36199
36200
36201
36202
36203
36205
36206
36207
36208
36210
36211
36212
36213
36215
36216
36217
36218
36220
36221
36222
36223
36225
36226
36227
36228
36229
36231
36232
36233
36234
36235
36237
36238
36239
36240
36241
36243
36244
36245
36246
36247
36249
36250
36251
36252
36253
36255
36256
36257
36258
36259
36261
36262
36263
36264
36265
36266
36472
36475
36477
36478
36479
36482
36485
36489
36491
36492
36493
36495
36497
36500
36501
36503
36504
36505
36506
36509
36512
36516
36519
36522
36526
36528
36529
36530
36532
36534
36538
36540
36541
36542
36543
36545
36546
36547
36549
36551
36554
36555
36557
36558
36559
36560
36562
36563
36564
36566
36568
36572
36574
36575
36576
36577
36580
36581
36585
36588
36589
36591
36592
36593
36594
36596
36597
36598
36599
36601
36602
36603
36604
36606
36607
36608
36609
36611
36612
36613
36614
36616
36617
36618
36619
36620
36623
36626
36628
36630
36633
36636
36639
36640
36642
36643
36644
36646
36648
36650
36651
36652
36654
36655
36656
36657
36660
36663
36665
36666
36667
36670
36672
36673
36675
36676
36677
36679
36680
36681
36683
36684
36685
36687
36688
36689
36691
36692
36693
36694
36696
36697
36698
36700
36702
36704
36705
36706
36708
36709
36710
36711
36715
36717
36718
36719
36721
36722
36723
36725
36726
36727
36728
36732
36734
36735
36736
36738
36739
36740
36742
36743
36744
36745
36747
36748
36749
36750
36752
36753
36754
36755
36757
36758
36759
36760
36762
36763
36764
36765
36767
36768
36769
36770
36771
36773
36774
36775
36777
36779
36782
36783
36785
36786
36787
36788
36790
36792
36794
36795
36796
36798
36799
36800
36802
36803
36804
36805
36808
36809
36811
36813
36816
36817
36819
36820
36821
36822
36824
36825
36826
36827
36829
36830
36831
36832
36834
36835
36836
36837
36839
36840
36841
36842
36844
36845
36846
36847
36848
36850
36852
36854
36855
36856
36858
36859
36860
36862
36863
36864
36865
36869
36871
36872
36873
36875
36876
36877
36879
36880
36881
36882
36886
36888
36889
36890
36892
36893
36894
36896
36897
36898
36899
36901
36902
36903
36904
36906
36907
36908
36909
36911
36912
36913
36914
36916
36917
36918
36919
36921
36922
36923
36924
36925
36928
36929
36931
36933
36936
36937
36939
36940
36941
36942
36946
36948
36949
36950
36952
36953
36954
36956
36957
36958
36959
36962
36963
36965
36966
36967
36969
36970
36971
36973
36974
36975
36976
36978
36979
36980
36981
36983
36984
36985
36986
36988
36989
36990
36991
36993
36994
36995
36996
36998
36999
37000
37001
37002
37004
37005
37006
37007
37009
37010
37011
37012
37014
37015
37016
37017
37019
37020
37021
37022
37024
37025
37026
37027
37028
37030
37031
37032
37033
37035
37036
37037
37038
37040
37041
37042
37043
37045
37046
37047
37048
37050
37051
37052
37053
37054
37056
37057
37058
37059
37061
37062
37063
37064
37066
37067
37068
37069
37071
37072
37073
37074
37076
37077
37078
37079
37080
37082
37083
37084
37085
37087
37088
37089
37090
37092
37093
37094
37095
37097
37098
37099
37100
37102
37103
37104
37105
37106
37108
37109
37110
37111
37112
37114
37115
37116
37117
37118
37120
37121
37122
37123
37124
37126
37127
37128
37129
37130
37132
37133
37134
37135
37136
37138
37139
37140
37141
37142
37143
37349
37352
37354
37355
37356
37359
37362
37364
37366
37368
37369
37370
37372
37374
37377
37378
37380
37381
37382
37383
37386
37389
37391
37393
37396
37399
37401
37403
37405
37407
37409
37411
37415
37417
37418
37419
37420
37422
37423
37424
37426
37428
37431
37432
37434
37435
37436
37437
37439
37441
37443
37445
37449
37451
37452
37453
37454
37457
37458
37462
37465
37466
37468
37469
37470
37471
37473
37474
37475
37476
37478
37479
37480
37481
37483
37484
37485
37486
37488
37489
37490
37491
37493
37494
37495
37496
37497
37500
37503
37505
37507
37510
37513
37515
37517
37521
37523
37525
37529
37531
37532
37533
37534
37537
37540
37542
37544
37547
37549
37550
37552
37553
37554
37556
37558
37560
37561
37562
37564
37565
37566
37568
37569
37570
37571
37573
37575
37577
37579
37583
37585
37586
37587
37588
37590
37592
37594
37595
37596
37598
37599
37600
37602
37603
37604
37605
37609
37611
37612
37613
37615
37616
37617
37619
37620
37621
37622
37624
37625
37626
37627
37629
37630
37631
37632
37634
37635
37636
37637
37639
37640
37641
37642
37644
37645
37646
37647
37648
37650
37651
37652
37654
37656
37659
37660
37662
37663
37664
37665
37667
37669
37671
37673
37677
37679
37680
37681
37682
37685
37686
37688
37690
37693
37694
37696
37697
37698
37699
37701
37702
37703
37704
37706
37707
37708
37709
37711
37712
37713
37714
37716
37717
37718
37719
37721
37722
37723
37724
37725
37727
37729
37731
37733
37737
37739
37740
37741
37742
37744
37746
37748
37749
37750
37752
37753
37754
37756
37757
37758
37759
37763
37765
37766
37767
37769
37770
37771
37773
37774
37775
37776
37778
37779
37780
37781
37783
37784
37785
37786
37788
37789
37790
37791
37793
37794
37795
37796
37798
37799
37800
37801
37802
37805
37806
37809
37810
37813
37814
37816
37817
37818
37819
37823
37825
37826
37827
37829
37830
37831
37833
37834
37835
37836
37839
37840
37842
37843
37844
37846
37847
37848
37850
37851
37852
37853
37855
37856
37857
37858
37860
37861
37862
37863
37865
37866
37867
37868
37870
37871
37872
37873
37875
37876
37877
37878
37879
37881
37882
37883
37884
37886
37887
37888
37889
37891
37892
37893
37894
37896
37897
37898
37899
37901
37902
37903
37904
37905
37907
37908
37909
37910
37912
37913
37914
37915
37917
37918
37919
37920
37922
37923
37924
37925
37927
37928
37929
37930
37931
37933
37934
37935
37936
37938
37939
37940
37941
37943
37944
37945
37946
37948
37949
37950
37951
37953
37954
37955
37956
37957
37959
37960
37961
37962
37964
37965
37966
37967
37969
37970
37971
37972
37974
37975
37976
37977
37979
37980
37981
37982
37983
37985
37986
37987
37988
37989
37991
37992
37993
37994
37995
37997
37998
37999
38000
38001
38003
38004
38005
38006
38007
38009
38010
38011
38012
38013
38015
38016
38017
38018
38019
38020
38226
38229
38231
38232
38233
38236
38239
38241
38243
38245
38246
38247
38251
38254
38255
38257
38258
38259
38260
38263
38266
38268
38270
38273
38276
38278
38279
38280
38282
38284
38286
38287
38288
38292
38294
38295
38296
38297
38299
38300
38301
38304
38305
38308
38309
38311
38312
38313
38314
38318
38320
38321
38322
38324
38326
38328
38329
38330
38331
38333
38334
38335
38337
38339
38342
38343
38345
38346
38347
38348
38350
38351
38352
38353
38355
38356
38357
38358
38360
38361
38362
38363
38365
38366
38367
38368
38370
38371
38372
38373
38374
38377
38380
38382
38383
38384
38387
38390
38392
38394
38396
38397
38398
38400
38401
38402
38404
38405
38406
38408
38409
38410
38411
38414
38417
38419
38421
38424
38426
38427
38429
38430
38431
38433
38435
38437
38438
38439
38441
38442
38443
38445
38446
38447
38448
38450
38451
38452
38454
38456
38460
38462
38463
38464
38465
38467
38469
38471
38472
38473
38475
38476
38477
38479
38480
38481
38482
38486
38488
38489
38490
38492
38493
38494
38496
38497
38498
38499
38501
38502
38503
38504
38506
38507
38508
38509
38511
38512
38513
38514
38516
38517
38518
38519
38521
38522
38523
38524
38525
38527
38528
38529
38531
38533
38536
38537
38539
38540
38541
38542
38544
38545
38546
38548
38549
38550
38553
38554
38556
38557
38558
38559
38561
38562
38563
38566
38567
38570
38571
38573
38574
38575
38576
38578
38579
38580
38581
38583
38584
38585
38586
38588
38589
38590
38591
38593
38594
38595
38596
38598
38599
38600
38601
38602
38604
38606
38608
38610
38614
38616
38617
38618
38619
38621
38623
38625
38626
38627
38629
38630
38631
38633
38634
38635
38636
38640
38642
38643
38644
38646
38647
38648
38650
38651
38652
38653
38655
38656
38657
38658
38660
38661
38662
38663
38665
38666
38667
38668
38670
38671
38672
38673
38675
38676
38677
38678
38679
38681
38682
38683
38687
38690
38691
38693
38694
38695
38696
38700
38702
38703
38704
38706
38707
38708
38710
38711
38712
38713
38716
38717
38719
38720
38721
38723
38724
38725
38727
38728
38729
38730
38732
38733
38734
38735
38737
38738
38739
38740
38742
38743
38744
38745
38747
38748
38749
38750
38752
38753
38754
38755
38756
38758
38759
38760
38761
38763
38764
38765
38766
38768
38769
38770
38771
38773
38774
38775
38776
38778
38779
38780
38781
38782
38784
38785
38786
38787
38789
38790
38791
38792
38794
38795
38796
38797
38799
38800
38801
38802
38804
38805
38806
38807
38808
38810
38811
38812
38813
38815
38816
38817
38818
38820
38821
38822
38823
38825
38826
38827
38828
38830
38831
38832
38833
38834
38836
38837
38838
38839
38841
38842
38843
38844
38846
38847
38848
38849
38851
38852
38853
38854
38856
38857
38858
38859
38860
38862
38863
38864
38865
38866
38868
38869
38870
38871
38872
38874
38875
38876
38877
38878
38880
38881
38882
38883
38884
38886
38887
38888
38889
38890
38892
38893
38894
38895
38896
38897
39103
39106
39108
39109
39110
39113
39116
39118
39120
39122
39123
39124
39128
39131
39132
39134
39135
39136
39137
39140
39143
39145
39146
39147
39150
39153
39155
39157
39159
39161
39165
39168
39169
39171
39172
39173
39174
39176
39177
39178
39180
39182
39185
39186
39188
39189
39190
39191
39193
39195
39197
39199
39203
39205
39206
39207
39208
39211
39212
39216
39219
39220
39222
39223
39224
39225
39227
39228
39229
39230
39232
39233
39234
39235
39237
39238
39239
39240
39242
39243
39244
39245
39247
39248
39249
39250
39251
39254
39257
39259
39260
39261
39264
39267
39269
39271
39273
39275
39277
39279
39282
39283
39285
39286
39287
39288
39291
39294
39296
39298
39301
39303
39304
39306
39307
39308
39310
39312
39314
39315
39316
39318
39319
39320
39322
39323
39324
39325
39327
39329
39331
39333
39337
39339
39340
39341
39342
39344
39346
39348
39349
39350
39352
39353
39354
39356
39357
39358
39359
39361
39362
39363
39365
39366
39367
39369
39370
39371
39373
39374
39375
39376
39378
39379
39380
39381
39383
39384
39385
39386
39388
39389
39390
39391
39393
39394
39395
39396
39398
39399
39400
39401
39402
39404
39405
39406
39408
39410
39413
39414
39416
39417
39418
39419
39421
39423
39425
39427
39431
39433
39434
39435
39436
39439
39440
39442
39444
39447
39448
39450
39451
39452
39453
39455
39456
39457
39458
39460
39461
39462
39463
39465
39466
39467
39468
39470
39471
39472
39473
39475
39476
39477
39478
39479
39481
39483
39487
39491
39493
39494
39495
39496
39498
39500
39502
39503
39504
39506
39507
39508
39510
39511
39512
39513
39515
39516
39517
39519
39520
39521
39523
39524
39525
39527
39528
39529
39530
39532
39533
39534
39535
39537
39538
39539
39540
39542
39543
39544
39545
39547
39548
39549
39550
39552
39553
39554
39555
39556
39559
39560
39564
39567
39568
39570
39571
39572
39573
39577
39579
39580
39581
39583
39584
39585
39587
39588
39589
39590
39593
39594
39596
39597
39598
39600
39601
39602
39604
39605
39606
39607
39609
39610
39611
39612
39614
39615
39616
39617
39619
39620
39621
39622
39624
39625
39626
39627
39629
39630
39631
39632
39633
39635
39636
39637
39638
39640
39641
39642
39643
39645
39646
39647
39648
39650
39651
39652
39653
39655
39656
39657
39658
39659
39661
39662
39663
39664
39666
39667
39668
39669
39671
39672
39673
39674
39676
39677
39678
39679
39681
39682
39683
39684
39685
39687
39688
39689
39690
39692
39693
39694
39695
39697
39698
39699
39700
39702
39703
39704
39705
39707
39708
39709
39710
39711
39713
39714
39715
39716
39718
39719
39720
39721
39723
39724
39725
39726
39728
39729
39730
39731
39733
39734
39735
39736
39737
39739
39740
39741
39742
39743
39745
39746
39747
39748
39749
39751
39752
39753
39754
39755
39757
39758
39759
39760
39761
39763
39764
39765
39766
39767
39769
39770
39771
39772
39773
39774
39980
39983
39985
39986
39987
39990
39993
39995
39997
39999
40000
40001
40003
40005
40008
40009
40011
40012
40013
40014
40017
40020
40022
40024
40027
40030
40032
40033
40034
40036
40038
40040
40041
40042
40044
40046
40048
40049
40050
40051
40053
40054
40055
40059
40062
40063
40065
40066
40067
40068
40072
40074
40075
40076
40078
40080
40082
40083
40084
40085
40088
40089
40093
40096
40097
40099
40100
40101
40102
40104
40105
40106
40107
40109
40110
40111
40112
40114
40115
40116
40117
40119
40120
40121
40122
40124
40125
40126
40127
40128
40131
40134
40136
40138
40141
40144
40146
40148
40150
40152
40154
40156
40160
40162
40163
40164
40165
40168
40171
40173
40174
40175
40178
40180
40181
40183
40184
40185
40187
40188
40189
40191
40192
40193
40195
40196
40197
40199
40200
40201
40202
40204
40206
40209
40210
40214
40216
40217
40218
40219
40222
40223
40225
40226
40227
40229
40230
40231
40233
40234
40235
40236
40240
40242
40243
40244
40246
40247
40248
40250
40251
40252
40253
40255
40256
40257
40258
40260
40261
40262
40263
40265
40266
40267
40268
40270
40271
40272
40273
40275
40276
40277
40278
40279
40281
40282
40283
40285
40287
40290
40291
40293
40294
40295
40296
40298
40300
40302
40303
40304
40308
40310
40311
40312
40313
40316
40317
40321
40324
40325
40327
40328
40329
40330
40332
40333
40334
40335
40337
40338
40339
40340
40342
40343
40344
40345
40347
40348
40349
40350
40352
40353
40354
40355
40356
40358
40359
40360
40362
40364
40368
40370
40371
40372
40373
40375
40377
40379
40380
40381
40383
40384
40385
40387
40388
40389
40390
40392
40394
40396
40397
40398
40400
40401
40402
40404
40405
40406
40407
40409
40410
40411
40412
40414
40415
40416
40417
40419
40420
40421
40422
40424
40425
40426
40427
40429
40430
40431
40432
40433
40436
40437
40441
40444
40445
40447
40448
40449
40450
40452
40454
40456
40457
40458
40460
40461
40462
40464
40465
40466
40467
40470
40471
40473
40474
40475
40477
40478
40479
40481
40482
40483
40484
40486
40487
40488
40489
40491
40492
40493
40494
40496
40497
40498
40499
40501
40502
40503
40504
40506
40507
40508
40509
40510
40512
40513
40514
40515
40517
40518
40519
40520
40522
40523
40524
40525
40527
40528
40529
40530
40532
40533
40534
40535
40536
40538
40539
40540
40541
40543
40544
40545
40546
40548
40549
40550
40551
40553
40554
40555
40556
40558
40559
40560
40561
40562
40564
40565
40566
40567
40569
40570
40571
40572
40574
40575
40576
40577
40579
40580
40581
40582
40584
40585
40586
40587
40588
40590
40591
40592
40593
40595
40596
40597
40598
40600
40601
40602
40603
40605
40606
40607
40608
40610
40611
40612
40613
40614
40616
40617
40618
40619
40620
40622
40623
40624
40625
40626
40628
40629
40630
40631
40632
40634
40635
40636
40637
40638
40640
40641
40642
40643
40644
40646
40647
40648
40649
40650
40651
40857
40860
40862
40863
40864
40867
40870
40872
40873
40874
40876
40877
40878
40880
40882
40884
40885
40886
40888
40889
40890
40891
40894
40897
40899
40901
40904
40907
40910
40911
40913
40915
40918
40919
40921
40923
40925
40926
40927
40928
40930
40931
40932
40934
40936
40938
40939
40940
40942
40943
40944
40945
40947
40948
40949
40953
40955
40957
40959
40960
40961
40962
40964
40965
40966
40968
40970
40973
40974
40976
40977
40978
40979
40981
40982
40983
40984
40986
40987
40988
40989
40991
40992
40993
40994
40996
40997
40998
40999
41001
41002
41003
41004
41005
41008
41011
41013
41014
41015
41018
41021
41023
41025
41027
41028
41029
41031
41033
41036
41037
41039
41040
41041
41042
41045
41048
41050
41051
41052
41055
41057
41058
41060
41061
41062
41064
41065
41066
41068
41069
41070
41072
41073
41074
41076
41077
41078
41079
41081
41083
41085
41086
41087
41090
41091
41093
41094
41095
41096
41098
41100
41102
41103
41104
41106
41107
41108
41110
41111
41112
41113
41116
41117
41119
41120
41121
41123
41124
41125
41127
41128
41129
41130
41132
41133
41134
41135
41137
41138
41139
41140
41142
41143
41144
41145
41147
41148
41149
41150
41152
41153
41154
41155
41156
41158
41159
41160
41162
41163
41164
41167
41168
41170
41171
41172
41173
41175
41176
41177
41180
41181
41185
41187
41188
41189
41190
41192
41193
41194
41198
41201
41202
41204
41205
41206
41207
41209
41210
41211
41212
41214
41215
41216
41217
41219
41220
41221
41222
41224
41225
41226
41227
41229
41230
41231
41232
41233
41235
41236
41237
41240
41241
41243
41244
41245
41247
41248
41249
41250
41254
41256
41257
41258
41260
41261
41262
41264
41265
41266
41267
41269
41271
41273
41274
41275
41277
41278
41279
41281
41282
41283
41284
41286
41287
41288
41289
41291
41292
41293
41294
41296
41297
41298
41299
41301
41302
41303
41304
41306
41307
41308
41309
41310
41312
41313
41314
41316
41318
41321
41322
41324
41325
41326
41327
41330
41331
41333
41334
41335
41337
41338
41339
41341
41342
41343
41344
41347
41348
41350
41351
41352
41354
41355
41356
41358
41359
41360
41361
41363
41364
41365
41366
41368
41369
41370
41371
41373
41374
41375
41376
41378
41379
41380
41381
41383
41384
41385
41386
41387
41389
41390
41391
41392
41394
41395
41396
41397
41399
41400
41401
41402
41404
41405
41406
41407
41409
41410
41411
41412
41413
41415
41416
41417
41418
41420
41421
41422
41423
41425
41426
41427
41428
41430
41431
41432
41433
41435
41436
41437
41438
41439
41441
41442
41443
41444
41446
41447
41448
41449
41451
41452
41453
41454
41456
41457
41458
41459
41461
41462
41463
41464
41465
41467
41468
41469
41470
41472
41473
41474
41475
41477
41478
41479
41480
41482
41483
41484
41485
41487
41488
41489
41490
41491
41493
41494
41495
41496
41497
41499
41500
41501
41502
41503
41505
41506
41507
41508
41509
41511
41512
41513
41514
41515
41517
41518
41519
41520
41521
41523
41524
41525
41526
41527
41528
